hash,class_changed,method_changed,statement_changed,total_revision
"Diff(project=jinahya/bit-io, old_sha=8cdf85b6d9686f90261ec757ed6801be31fccc42, new_sha=9a249e0753aac0b4bed4d0f9abc85833687f1dea, old_path=src/main/java/com/github/jinahya/bit/io/AbstractBitInput.java, new_path=src/main/java/com/github/jinahya/bit/io/AbstractBitInput.java, old_lines=[79], new_lines=[79], category=ONE_TO_ONE)",4,1,0,22
"Diff(project=jinahya/bit-io, old_sha=8cdf85b6d9686f90261ec757ed6801be31fccc42, new_sha=9a249e0753aac0b4bed4d0f9abc85833687f1dea, old_path=src/main/java/com/github/jinahya/bit/io/AbstractBitOutput.java, new_path=src/main/java/com/github/jinahya/bit/io/AbstractBitOutput.java, old_lines=[78], new_lines=[78], category=ONE_TO_ONE)",3,1,1,19
"Diff(project=trustyuri/trustyuri-java, old_sha=c06facd873a7da51905aef69d1e536181d347b6e, new_sha=2d5e5b25d145ecf53cd4f4bdf8b04bf8ebbfbce1, old_path=src/main/java/net/trustyuri/rdf/SerStatementComparator.java, new_path=src/main/java/net/trustyuri/rdf/SerStatementComparator.java, old_lines=[46], new_lines=[52], category=ONE_TO_ONE)",1,0,0,28
"Diff(project=hyperledger/fabric-sdk-java, old_sha=69812415ba6ceeb09e39c08443bec2f284d997a1, new_sha=c788a00ed99f88125496fd3c4ac3aedd1d5f0e34, old_path=src/main/java/org/hyperledger/fabric/sdk/helper/SDKUtil.java, new_path=src/main/java/org/hyperledger/fabric/sdk/helper/SDKUtil.java, old_lines=[343], new_lines=[341], category=ONE_TO_ONE)",5,1,1,228
"Diff(project=hyperledger/fabric-sdk-java, old_sha=8f1fe23df323ff4baddfee584880a98f8b33eaad, new_sha=13337b64716141995e49f3f0b81e6356fc05a06a, old_path=src/main/java/org/hyperledger/fabric/sdk/security/CryptoPrimitives.java, new_path=src/main/java/org/hyperledger/fabric/sdk/security/CryptoPrimitives.java, old_lines=[529], new_lines=[511], category=ONE_TO_ONE)",15,1,1,73
"Diff(project=vdurmont/emoji-java, old_sha=49a42a5f959e8b072f0be251d9d1ab242d585b62, new_sha=9c7a967f9ace4e056e31e2879e67e1f562aa3747, old_path=src/main/java/com/vdurmont/emoji/EmojiParser.java, new_path=src/main/java/com/vdurmont/emoji/EmojiParser.java, old_lines=[134], new_lines=[134], category=ONE_TO_ONE)",6,2,1,14
"Diff(project=zmarko/sss, old_sha=6e603c1f555db4d81dc1e869be48ce60a16bcfc8, new_sha=db9390d11c0ad6f2f05b29d8ddd1abd78bc5114a, old_path=src/main/java/rs/in/zivanovic/sss/SasUtils.java, new_path=src/main/java/rs/in/zivanovic/sss/SasUtils.java, old_lines=[52], new_lines=[52], category=ONE_TO_ONE)",0,0,0,1
"Diff(project=classgraph/classgraph, old_sha=29b7dbae1e6e8d4bcc10a5b2adbee9b5a0d1ff2c, new_sha=1816ba7e8dcabfde1801a65051d4cd29b4d359a6, old_path=src/main/java/io/github/lukehutch/fastclasspathscanner/classfileparser/ClassfileBinaryParser.java, new_path=src/main/java/io/github/lukehutch/fastclasspathscanner/classfileparser/ClassfileBinaryParser.java, old_lines=[174], new_lines=[183], category=ONE_TO_ONE)",22,3,3,2350
"Diff(project=classgraph/classgraph, old_sha=6cccf4d2a202154f23a51d81c34bc34f1f2c8c4d, new_sha=a058a4897ee317d227fc9a3c8a51e7cfc1c4900e, old_path=src/main/java/io/github/lukehutch/fastclasspathscanner/classloaderhandler/EquinoxClassLoaderHandler.java, new_path=src/main/java/io/github/lukehutch/fastclasspathscanner/classloaderhandler/EquinoxClassLoaderHandler.java, old_lines=[66], new_lines=[64], category=ONE_TO_ONE)",0,0,0,8
"Diff(project=classgraph/classgraph, old_sha=6cccf4d2a202154f23a51d81c34bc34f1f2c8c4d, new_sha=a058a4897ee317d227fc9a3c8a51e7cfc1c4900e, old_path=src/main/java/io/github/lukehutch/fastclasspathscanner/classloaderhandler/EquinoxClassLoaderHandler.java, new_path=src/main/java/io/github/lukehutch/fastclasspathscanner/classloaderhandler/EquinoxClassLoaderHandler.java, old_lines=[68], new_lines=[66], category=ONE_TO_ONE)",0,0,0,8
"Diff(project=classgraph/classgraph, old_sha=6cccf4d2a202154f23a51d81c34bc34f1f2c8c4d, new_sha=a058a4897ee317d227fc9a3c8a51e7cfc1c4900e, old_path=src/main/java/io/github/lukehutch/fastclasspathscanner/classloaderhandler/EquinoxClassLoaderHandler.java, new_path=src/main/java/io/github/lukehutch/fastclasspathscanner/classloaderhandler/EquinoxClassLoaderHandler.java, old_lines=[92], new_lines=[89], category=ONE_TO_ONE)",12,7,6,2106
"Diff(project=classgraph/classgraph, old_sha=d07bb0b83091bd7d1306c7e84e6320287bcc5ed9, new_sha=cb35c71ba1a5e0aea822f3f8a6b48b2aefa1b88a, old_path=src/main/java/io/github/lukehutch/fastclasspathscanner/scanner/MethodInfo.java, new_path=src/main/java/io/github/lukehutch/fastclasspathscanner/scanner/MethodInfo.java, old_lines=[456], new_lines=[465], category=ONE_TO_ONE)",6,3,2,22
"Diff(project=classgraph/classgraph, old_sha=a0e40281b10ba73574abb2bcf62237e2c759d003, new_sha=ffd2e37980cb775ec04e75dd70fdd4b2a592044d, old_path=src/main/java/nonapi/io/github/classgraph/fastzipfilereader/LogicalZipFile.java, new_path=src/main/java/nonapi/io/github/classgraph/fastzipfilereader/LogicalZipFile.java, old_lines=[452], new_lines=[458], category=ONE_TO_ONE)",7,7,6,73
"Diff(project=classgraph/classgraph, old_sha=29b7dbae1e6e8d4bcc10a5b2adbee9b5a0d1ff2c, new_sha=1816ba7e8dcabfde1801a65051d4cd29b4d359a6, old_path=src/main/java/io/github/lukehutch/fastclasspathscanner/classfileparser/ClassfileBinaryParser.java, new_path=src/main/java/io/github/lukehutch/fastclasspathscanner/classfileparser/ClassfileBinaryParser.java, old_lines=[186], new_lines=[195], category=ONE_TO_ONE)",22,3,3,2350
"Diff(project=classgraph/classgraph, old_sha=c50ca2c6ed43eb34fa89cff2101e548205f9fe59, new_sha=9391466bffaba6eb630e6a07f5423522d9535283, old_path=src/main/java/io/github/lukehutch/fastclasspathscanner/scanner/ClassfileBinaryParser.java, new_path=src/main/java/io/github/lukehutch/fastclasspathscanner/scanner/ClassfileBinaryParser.java, old_lines=[621], new_lines=[621], category=ONE_TO_ONE)",47,8,4,2161
"Diff(project=classgraph/classgraph, old_sha=876ddc04b0f7932c755bfd2738297da6a772fe7e, new_sha=5574ddc407178db7c0cee0075209f1c463ee76a8, old_path=src/main/java/nonapi/io/github/classgraph/fileslice/Slice.java, new_path=src/main/java/nonapi/io/github/classgraph/fileslice/Slice.java, old_lines=[237], new_lines=[237], category=ONE_TO_ONE)",8,0,0,425
"Diff(project=classgraph/classgraph, old_sha=5bc68ecd985915a9f2ab61c16d008af559040f99, new_sha=374cbce32216cceb63d1b8bdc3679e09eaed6b82, old_path=src/main/java/io/github/classgraph/Scanner.java, new_path=src/main/java/io/github/classgraph/Scanner.java, old_lines=[396], new_lines=[406], category=ONE_TO_ONE)",2,2,2,5
"Diff(project=classgraph/classgraph, old_sha=5bc68ecd985915a9f2ab61c16d008af559040f99, new_sha=374cbce32216cceb63d1b8bdc3679e09eaed6b82, old_path=src/main/java/io/github/classgraph/Scanner.java, new_path=src/main/java/io/github/classgraph/Scanner.java, old_lines=[398], new_lines=[408], category=ONE_TO_ONE)",2,2,2,5
"Diff(project=classgraph/classgraph, old_sha=c09b51e9a8285b9597eb19c6641f889a38792e89, new_sha=2ae2625d5912b141e324a560332e6b4fae96590d, old_path=src/main/java/io/github/classgraph/PackageInfo.java, new_path=src/main/java/io/github/classgraph/PackageInfo.java, old_lines=[202], new_lines=[200], category=ONE_TO_ONE)",7,2,1,309
"Diff(project=classgraph/classgraph, old_sha=c55f943f8c20cbac7afbfda5c052b50442193a70, new_sha=d61abca1d654da65196296dcaa87d2e5d63c1619, old_path=src/main/java/io/github/classgraph/ClassfileBinaryParser.java, new_path=src/main/java/io/github/classgraph/ClassfileBinaryParser.java, old_lines=[468], new_lines=[590], category=ONE_TO_ONE)",3,2,1,1010
"Diff(project=classgraph/classgraph, old_sha=4fefa25d5eb1f2ec488b5908eaf2516769cfd16f, new_sha=6b5a4c49ccb1f8bf4c86496242eb2ae8e402dfed, old_path=src/main/java/io/github/classgraph/Classfile.java, new_path=src/main/java/io/github/classgraph/Classfile.java, old_lines=[657], new_lines=[680], category=ONE_TO_ONE)",47,1,1,685
"Diff(project=classgraph/classgraph, old_sha=48608d2e8f2a7d3da6265d027e9492bacc15e9c3, new_sha=14c392da6f4add30a4a4fe285f5bbb63123eb9ed, old_path=src/main/java/io/github/lukehutch/fastclasspathscanner/scanner/RelativePath.java, new_path=src/main/java/io/github/lukehutch/fastclasspathscanner/scanner/RelativePath.java, old_lines=[288], new_lines=[294], category=ONE_TO_ONE)",21,7,7,1857
"Diff(project=classgraph/classgraph, old_sha=fcd0f47ede4bce96656bd31cc47b6a929d585c32, new_sha=e6568f3e7c8eb582303da621680549f9f560428b, old_path=src/main/java/nonapi/io/github/classgraph/classpath/ClasspathOrder.java, new_path=src/main/java/nonapi/io/github/classgraph/classpath/ClasspathOrder.java, old_lines=[314], new_lines=[325], category=ONE_TO_ONE)",40,5,3,854
"Diff(project=classgraph/classgraph, old_sha=fcd0f47ede4bce96656bd31cc47b6a929d585c32, new_sha=e6568f3e7c8eb582303da621680549f9f560428b, old_path=src/main/java/nonapi/io/github/classgraph/classpath/ClasspathOrder.java, new_path=src/main/java/nonapi/io/github/classgraph/classpath/ClasspathOrder.java, old_lines=[318], new_lines=[329], category=ONE_TO_ONE)",40,5,3,854
"Diff(project=classgraph/classgraph, old_sha=fcd0f47ede4bce96656bd31cc47b6a929d585c32, new_sha=e6568f3e7c8eb582303da621680549f9f560428b, old_path=src/main/java/nonapi/io/github/classgraph/classpath/ClasspathOrder.java, new_path=src/main/java/nonapi/io/github/classgraph/classpath/ClasspathOrder.java, old_lines=[327], new_lines=[338], category=ONE_TO_ONE)",40,5,3,854
"Diff(project=classgraph/classgraph, old_sha=fcd0f47ede4bce96656bd31cc47b6a929d585c32, new_sha=e6568f3e7c8eb582303da621680549f9f560428b, old_path=src/main/java/nonapi/io/github/classgraph/classpath/ClasspathOrder.java, new_path=src/main/java/nonapi/io/github/classgraph/classpath/ClasspathOrder.java, old_lines=[332], new_lines=[343], category=ONE_TO_ONE)",40,5,3,854
"Diff(project=classgraph/classgraph, old_sha=c2c7b71ae8e2d109061f7c0d18baf3269c0e0909, new_sha=a8bbe83be85601e45ef10d78bfca928660c5864b, old_path=src/main/java/nonapi/io/github/classgraph/utils/InputStreamOrByteBufferAdapter.java, new_path=src/main/java/nonapi/io/github/classgraph/utils/InputStreamOrByteBufferAdapter.java, old_lines=[364], new_lines=[363], category=ONE_TO_ONE)",2,1,1,160
"Diff(project=classgraph/classgraph, old_sha=c2c7b71ae8e2d109061f7c0d18baf3269c0e0909, new_sha=a8bbe83be85601e45ef10d78bfca928660c5864b, old_path=src/main/java/nonapi/io/github/classgraph/utils/InputStreamOrByteBufferAdapter.java, new_path=src/main/java/nonapi/io/github/classgraph/utils/InputStreamOrByteBufferAdapter.java, old_lines=[371], new_lines=[370], category=ONE_TO_ONE)",2,1,1,160
"Diff(project=tommyettinger/RegExodus, old_sha=22f8f8ae0a38b9d005e434dc47c46673ce2fd7c0, new_sha=d943cd4ce233bfce6453fb1ed133f2a7220bdaaa, old_path=src/main/java/regexodus/ds/IntBitSet.java, new_path=src/main/java/regexodus/ds/IntBitSet.java, old_lines=[160], new_lines=[160], category=ONE_TO_ONE)",6,2,2,71
"Diff(project=tommyettinger/RegExodus, old_sha=22f8f8ae0a38b9d005e434dc47c46673ce2fd7c0, new_sha=d943cd4ce233bfce6453fb1ed133f2a7220bdaaa, old_path=src/main/java/regexodus/ds/IntBitSet.java, new_path=src/main/java/regexodus/ds/IntBitSet.java, old_lines=[172], new_lines=[172], category=ONE_TO_ONE)",6,2,2,71
"Diff(project=tommyettinger/RegExodus, old_sha=79b5a28d29fa23b7a9fcdceffe15b6407d12a99e, new_sha=ad9bc32658ce0d87d87969200de1193a7b2a2a82, old_path=src/main/java/regexodus/Category.java, new_path=src/main/java/regexodus/Category.java, old_lines=[34], new_lines=[33], category=ONE_TO_ONE)",27,3,3,74
"Diff(project=3redronin/mu-server, old_sha=e4c45343d87ffe43a0d26280323df7cdfa3cf6f4, new_sha=f8009f50fe06c1537e32aefdb010b00268a73c97, old_path=src/main/java/ronin/muserver/rest/CombinedMediaType.java, new_path=src/main/java/ronin/muserver/rest/CombinedMediaType.java, old_lines=[40], new_lines=[40], category=ONE_TO_ONE)",1,1,1,9
"Diff(project=3redronin/mu-server, old_sha=e4c45343d87ffe43a0d26280323df7cdfa3cf6f4, new_sha=f8009f50fe06c1537e32aefdb010b00268a73c97, old_path=src/main/java/ronin/muserver/rest/CombinedMediaType.java, new_path=src/main/java/ronin/muserver/rest/CombinedMediaType.java, old_lines=[43], new_lines=[43], category=ONE_TO_ONE)",1,1,1,9
"Diff(project=3redronin/mu-server, old_sha=ed5e040ca4cf9d53a916a416addaac8a70dc7a72, new_sha=b3322acf9098ff187bf39b0b33a4a66c2462a7da, old_path=src/main/java/io/muserver/openapi/OpenAPIObject.java, new_path=src/main/java/io/muserver/openapi/OpenAPIObject.java, old_lines=[27], new_lines=[60], category=ONE_TO_ONE)",2,0,0,550
"Diff(project=jcodec/jcodec, old_sha=73b692e9b03bd834e21335088b4144177bc5603c, new_sha=06381febbe57d12ebfd7f4eef5910eb990319382, old_path=src/main/java/org/jcodec/containers/mp4/MP4Util.java, new_path=src/main/java/org/jcodec/containers/mp4/MP4Util.java, old_lines=[224], new_lines=[224], category=ONE_TO_ONE)",9,1,1,421
"Diff(project=jcodec/jcodec, old_sha=4a08a46f9cd197d372d0c5b0ef563465d72ec237, new_sha=32db23055f989956754f51e4842491353c7f40dc, old_path=src/main/java/net/sourceforge/jaad/aac/error/RVLC.java, new_path=src/main/java/net/sourceforge/jaad/aac/error/RVLC.java, old_lines=[127], new_lines=[127], category=ONE_TO_ONE)",0,0,0,346
"Diff(project=jcodec/jcodec, old_sha=4a08a46f9cd197d372d0c5b0ef563465d72ec237, new_sha=32db23055f989956754f51e4842491353c7f40dc, old_path=src/main/java/net/sourceforge/jaad/aac/huffman/Huffman.java, new_path=src/main/java/net/sourceforge/jaad/aac/huffman/Huffman.java, old_lines=[32], new_lines=[32], category=ONE_TO_ONE)",1,1,1,423
"Diff(project=jcodec/jcodec, old_sha=4a08a46f9cd197d372d0c5b0ef563465d72ec237, new_sha=32db23055f989956754f51e4842491353c7f40dc, old_path=src/main/java/net/sourceforge/jaad/aac/huffman/Huffman.java, new_path=src/main/java/net/sourceforge/jaad/aac/huffman/Huffman.java, old_lines=[52], new_lines=[52], category=ONE_TO_ONE)",1,1,1,423
"Diff(project=jcodec/jcodec, old_sha=4a08a46f9cd197d372d0c5b0ef563465d72ec237, new_sha=32db23055f989956754f51e4842491353c7f40dc, old_path=src/main/java/org/jcodec/codecs/aac/blocks/BlockCCE.java, new_path=src/main/java/org/jcodec/codecs/aac/blocks/BlockCCE.java, old_lines=[59], new_lines=[59], category=ONE_TO_ONE)",0,0,0,346
"Diff(project=jcodec/jcodec, old_sha=4a08a46f9cd197d372d0c5b0ef563465d72ec237, new_sha=32db23055f989956754f51e4842491353c7f40dc, old_path=src/main/java/org/jcodec/codecs/aac/blocks/BlockICS.java, new_path=src/main/java/org/jcodec/codecs/aac/blocks/BlockICS.java, old_lines=[148], new_lines=[148], category=ONE_TO_ONE)",2,0,0,346
"Diff(project=jcodec/jcodec, old_sha=4a08a46f9cd197d372d0c5b0ef563465d72ec237, new_sha=32db23055f989956754f51e4842491353c7f40dc, old_path=src/main/java/org/jcodec/codecs/aac/blocks/BlockICS.java, new_path=src/main/java/org/jcodec/codecs/aac/blocks/BlockICS.java, old_lines=[435], new_lines=[435], category=ONE_TO_ONE)",2,0,0,346
"Diff(project=jcodec/jcodec, old_sha=4a08a46f9cd197d372d0c5b0ef563465d72ec237, new_sha=32db23055f989956754f51e4842491353c7f40dc, old_path=src/main/java/org/jcodec/codecs/aac/blocks/BlockICS.java, new_path=src/main/java/org/jcodec/codecs/aac/blocks/BlockICS.java, old_lines=[478], new_lines=[478], category=ONE_TO_ONE)",2,0,0,346
"Diff(project=jcodec/jcodec, old_sha=4a08a46f9cd197d372d0c5b0ef563465d72ec237, new_sha=32db23055f989956754f51e4842491353c7f40dc, old_path=src/main/java/org/jcodec/codecs/common/biari/MDecoder.java, new_path=src/main/java/org/jcodec/codecs/common/biari/MDecoder.java, old_lines=[51], new_lines=[51], category=ONE_TO_ONE)",0,0,0,346
"Diff(project=jcodec/jcodec, old_sha=4a08a46f9cd197d372d0c5b0ef563465d72ec237, new_sha=32db23055f989956754f51e4842491353c7f40dc, old_path=src/main/java/org/jcodec/codecs/mpeg12/MPEGDecoder.java, new_path=src/main/java/org/jcodec/codecs/mpeg12/MPEGDecoder.java, old_lines=[288], new_lines=[288], category=ONE_TO_ONE)",6,0,0,346
"Diff(project=jcodec/jcodec, old_sha=4a08a46f9cd197d372d0c5b0ef563465d72ec237, new_sha=32db23055f989956754f51e4842491353c7f40dc, old_path=src/main/java/org/jcodec/codecs/prores/ProresEncoder.java, new_path=src/main/java/org/jcodec/codecs/prores/ProresEncoder.java, old_lines=[165], new_lines=[165], category=ONE_TO_ONE)",2,0,0,346
"Diff(project=jcodec/jcodec, old_sha=4a08a46f9cd197d372d0c5b0ef563465d72ec237, new_sha=32db23055f989956754f51e4842491353c7f40dc, old_path=src/main/java/org/jcodec/codecs/prores/ProresFix.java, new_path=src/main/java/org/jcodec/codecs/prores/ProresFix.java, old_lines=[98], new_lines=[98], category=ONE_TO_ONE)",0,0,0,346
"Diff(project=jcodec/jcodec, old_sha=4a08a46f9cd197d372d0c5b0ef563465d72ec237, new_sha=32db23055f989956754f51e4842491353c7f40dc, old_path=src/main/java/org/jcodec/common/AudioUtil.java, new_path=src/main/java/org/jcodec/common/AudioUtil.java, old_lines=[133], new_lines=[134], category=ONE_TO_ONE)",1,1,0,346
"Diff(project=jcodec/jcodec, old_sha=4a08a46f9cd197d372d0c5b0ef563465d72ec237, new_sha=32db23055f989956754f51e4842491353c7f40dc, old_path=src/main/java/org/jcodec/common/AudioUtil.java, new_path=src/main/java/org/jcodec/common/AudioUtil.java, old_lines=[142], new_lines=[143], category=ONE_TO_ONE)",1,1,0,346
"Diff(project=jcodec/jcodec, old_sha=b54c5b282d14bd87e0deca736a033183a2d36e1d, new_sha=c59d12159a9e9eb3b39e07f6478f7595f62ac76d, old_path=src/main/java/org/jcodec/codecs/h264/decode/SliceReader.java, new_path=src/main/java/org/jcodec/codecs/h264/decode/SliceReader.java, old_lines=[469], new_lines=[469], category=ONE_TO_ONE)",5,2,2,397
"Diff(project=jcodec/jcodec, old_sha=b54c5b282d14bd87e0deca736a033183a2d36e1d, new_sha=c59d12159a9e9eb3b39e07f6478f7595f62ac76d, old_path=src/main/java/org/jcodec/codecs/h264/decode/SliceReader.java, new_path=src/main/java/org/jcodec/codecs/h264/decode/SliceReader.java, old_lines=[644], new_lines=[644], category=ONE_TO_ONE)",2,0,0,341
"Diff(project=jcodec/jcodec, old_sha=b54c5b282d14bd87e0deca736a033183a2d36e1d, new_sha=c59d12159a9e9eb3b39e07f6478f7595f62ac76d, old_path=src/main/java/org/jcodec/codecs/h264/decode/SliceReader.java, new_path=src/main/java/org/jcodec/codecs/h264/decode/SliceReader.java, old_lines=[851], new_lines=[851], category=ONE_TO_ONE)",5,1,1,397
"Diff(project=jcodec/jcodec, old_sha=b54c5b282d14bd87e0deca736a033183a2d36e1d, new_sha=c59d12159a9e9eb3b39e07f6478f7595f62ac76d, old_path=src/main/java/org/jcodec/common/io/BitWriter.java, new_path=src/main/java/org/jcodec/common/io/BitWriter.java, old_lines=[34], new_lines=[35], category=ONE_TO_ONE)",1,0,0,341
"Diff(project=jcodec/jcodec, old_sha=b54c5b282d14bd87e0deca736a033183a2d36e1d, new_sha=c59d12159a9e9eb3b39e07f6478f7595f62ac76d, old_path=src/main/java/org/jcodec/common/io/BitWriter.java, new_path=src/main/java/org/jcodec/common/io/BitWriter.java, old_lines=[55], new_lines=[56], category=ONE_TO_ONE)",1,0,0,341
"Diff(project=jcodec/jcodec, old_sha=b54c5b282d14bd87e0deca736a033183a2d36e1d, new_sha=c59d12159a9e9eb3b39e07f6478f7595f62ac76d, old_path=src/main/java/org/jcodec/common/io/BitWriter.java, new_path=src/main/java/org/jcodec/common/io/BitWriter.java, old_lines=[72], new_lines=[73], category=ONE_TO_ONE)",1,0,0,341
"Diff(project=jcodec/jcodec, old_sha=b54c5b282d14bd87e0deca736a033183a2d36e1d, new_sha=c59d12159a9e9eb3b39e07f6478f7595f62ac76d, old_path=src/main/java/org/jcodec/containers/mkv/boxes/MkvBlock.java, new_path=src/main/java/org/jcodec/containers/mkv/boxes/MkvBlock.java, old_lines=[98], new_lines=[98], category=ONE_TO_ONE)",7,1,1,444
"Diff(project=jcodec/jcodec, old_sha=4a08a46f9cd197d372d0c5b0ef563465d72ec237, new_sha=32db23055f989956754f51e4842491353c7f40dc, old_path=src/main/java/org/jcodec/movtool/streaming/tracks/Mpeg2AVCTrack.java, new_path=src/main/java/org/jcodec/movtool/streaming/tracks/Mpeg2AVCTrack.java, old_lines=[78], new_lines=[78], category=ONE_TO_ONE)",10,3,3,471
"Diff(project=jcodec/jcodec, old_sha=4a08a46f9cd197d372d0c5b0ef563465d72ec237, new_sha=32db23055f989956754f51e4842491353c7f40dc, old_path=src/main/java/org/jcodec/movtool/streaming/tracks/avc/AVCClipTrack.java, new_path=src/main/java/org/jcodec/movtool/streaming/tracks/avc/AVCClipTrack.java, old_lines=[89], new_lines=[89], category=ONE_TO_ONE)",14,4,4,487
"Diff(project=jcodec/jcodec, old_sha=f587021210e4bd0c7c4d70be6ff90f922bb7d7f6, new_sha=4c8d85ee7b876e7b0ac80027ce6aa689ae4205f3, old_path=src/main/java/net/sourceforge/jaad/aac/sbr/SBR.java, new_path=src/main/java/net/sourceforge/jaad/aac/sbr/SBR.java, old_lines=[1005], new_lines=[1007], category=ONE_TO_ONE)",0,0,0,100
"Diff(project=jcodec/jcodec, old_sha=f587021210e4bd0c7c4d70be6ff90f922bb7d7f6, new_sha=4c8d85ee7b876e7b0ac80027ce6aa689ae4205f3, old_path=src/main/java/net/sourceforge/jaad/aac/sbr/SBR.java, new_path=src/main/java/net/sourceforge/jaad/aac/sbr/SBR.java, old_lines=[1009], new_lines=[1011], category=ONE_TO_ONE)",0,0,0,100
"Diff(project=jcodec/jcodec, old_sha=f587021210e4bd0c7c4d70be6ff90f922bb7d7f6, new_sha=4c8d85ee7b876e7b0ac80027ce6aa689ae4205f3, old_path=src/main/java/net/sourceforge/jaad/aac/sbr/SBR.java, new_path=src/main/java/net/sourceforge/jaad/aac/sbr/SBR.java, old_lines=[1011], new_lines=[1013], category=ONE_TO_ONE)",0,0,0,100
"Diff(project=jcodec/jcodec, old_sha=f587021210e4bd0c7c4d70be6ff90f922bb7d7f6, new_sha=4c8d85ee7b876e7b0ac80027ce6aa689ae4205f3, old_path=src/main/java/net/sourceforge/jaad/aac/sbr/SBR.java, new_path=src/main/java/net/sourceforge/jaad/aac/sbr/SBR.java, old_lines=[1048], new_lines=[1050], category=ONE_TO_ONE)",0,0,0,100
"Diff(project=jcodec/jcodec, old_sha=f587021210e4bd0c7c4d70be6ff90f922bb7d7f6, new_sha=4c8d85ee7b876e7b0ac80027ce6aa689ae4205f3, old_path=src/main/java/net/sourceforge/jaad/aac/sbr/SBR.java, new_path=src/main/java/net/sourceforge/jaad/aac/sbr/SBR.java, old_lines=[1050], new_lines=[1052], category=ONE_TO_ONE)",0,0,0,100
"Diff(project=jcodec/jcodec, old_sha=b54c5b282d14bd87e0deca736a033183a2d36e1d, new_sha=c59d12159a9e9eb3b39e07f6478f7595f62ac76d, old_path=src/main/java/org/jcodec/codecs/h264/encode/MBEncoderI16x16.java, new_path=src/main/java/org/jcodec/codecs/h264/encode/MBEncoderI16x16.java, old_lines=[282], new_lines=[282], category=ONE_TO_ONE)",5,2,2,434
"Diff(project=jcodec/jcodec, old_sha=1870c75d9a685ba62c55c15b15dd30240af7fef7, new_sha=5913e3213bd3a0f5bb8ea1ff3a5844e8bbfbebd6, old_path=src/main/java/org/jcodec/codecs/prores/ProresEncoder.java, new_path=src/main/java/org/jcodec/codecs/prores/ProresEncoder.java, old_lines=[214], new_lines=[215], category=ONE_TO_ONE)",0,1,1,240
"Diff(project=jcodec/jcodec, old_sha=9e309038c8a0cead8fe29999b1e39011d3fbe45b, new_sha=6d5c50660881ab08f30e3046853e443645260ea0, old_path=src/main/java/org/jcodec/codecs/h264/decode/MBlockSkipDecoder.java, new_path=src/main/java/org/jcodec/codecs/h264/decode/MBlockSkipDecoder.java, old_lines=[76], new_lines=[76], category=ONE_TO_ONE)",7,5,5,402
"Diff(project=jcodec/jcodec, old_sha=eba7bbc47413af29ffd48766b14bd2409cb21aec, new_sha=f921d81abb9df40815401368c70ecfd1a7517f6f, old_path=src/main/java/org/jcodec/codecs/h264/decode/BitstreamParser.java, new_path=src/main/java/org/jcodec/codecs/h264/decode/BitstreamParser.java, old_lines=[121], new_lines=[136], category=ONE_TO_ONE)",4,2,2,402
"Diff(project=jcodec/jcodec, old_sha=47d1b4633327641f46f2ac30716052cdf8d21dcb, new_sha=50522148bb6e82e2b6437bb10e533a17f8247320, old_path=src/main/java/org/jcodec/codecs/h264/H264Decoder.java, new_path=src/main/java/org/jcodec/codecs/h264/H264Decoder.java, old_lines=[360], new_lines=[367], category=ONE_TO_ONE)",2,0,0,264
"Diff(project=jcodec/jcodec, old_sha=665c20cb6813c041a7411a4bba5435cfa59e2e54, new_sha=6ad0b21222becf19b9465346423eb435dfc32f31, old_path=src/main/java/org/jcodec/codecs/vpx/FilterUtil.java, new_path=src/main/java/org/jcodec/codecs/vpx/FilterUtil.java, old_lines=[158], new_lines=[162], category=ONE_TO_ONE)",0,0,0,5
"Diff(project=jcodec/jcodec, old_sha=665c20cb6813c041a7411a4bba5435cfa59e2e54, new_sha=6ad0b21222becf19b9465346423eb435dfc32f31, old_path=src/main/java/org/jcodec/codecs/vpx/FilterUtil.java, new_path=src/main/java/org/jcodec/codecs/vpx/FilterUtil.java, old_lines=[163], new_lines=[167], category=ONE_TO_ONE)",0,0,0,5
"Diff(project=ixa-ehu/ixa-pipe-tok, old_sha=fb40594882309d358309baada9b23f12280fe4fd, new_sha=529eec89d79a5a5886ce088e7c1e44686b09ce0e, old_path=src/main/java/ixa/pipe/tok/Annotate.java, new_path=src/main/java/ixa/pipe/tok/Annotate.java, old_lines=[65], new_lines=[64], category=ONE_TO_ONE)",5,4,3,9
"Diff(project=ixa-ehu/ixa-pipe-tok, old_sha=00ad3e8ca5e6a414cd4ceea2973e917062e0ebb3, new_sha=aca93b900841d7c81428bf973e93cc08ce6c5b3a, old_path=src/main/java/eus/ixa/ixa/pipe/tok/Normalizer.java, new_path=src/main/java/eus/ixa/ixa/pipe/tok/Normalizer.java, old_lines=[112], new_lines=[148], category=ONE_TO_ONE)",4,2,1,22
"Diff(project=ixa-ehu/ixa-pipe-tok, old_sha=00ad3e8ca5e6a414cd4ceea2973e917062e0ebb3, new_sha=aca93b900841d7c81428bf973e93cc08ce6c5b3a, old_path=src/main/java/eus/ixa/ixa/pipe/tok/Normalizer.java, new_path=src/main/java/eus/ixa/ixa/pipe/tok/Normalizer.java, old_lines=[120], new_lines=[159], category=ONE_TO_ONE)",4,2,1,22
"Diff(project=ixa-ehu/ixa-pipe-tok, old_sha=e238f2b990da433a4c031e6ad023d6a05312bed5, new_sha=f96a253f042afab7286e7a62bea9330b5597d8d1, old_path=src/main/java/eus/ixa/ixa/pipe/tok/RuleBasedTokenizer.java, new_path=src/main/java/eus/ixa/ixa/pipe/tok/RuleBasedTokenizer.java, old_lines=[166], new_lines=[160], category=ONE_TO_ONE)",36,12,12,52
"Diff(project=yegor256/takes, old_sha=7f543c586e24eb22ab1e4eae06e7716a86c7c836, new_sha=8960937fc792b7b28b50490a46bbd8ee714a0d2a, old_path=src/main/java/org/takes/facets/hamcrest/HmRsHeader.java, new_path=src/main/java/org/takes/facets/hamcrest/HmRsHeader.java, old_lines=[111], new_lines=[124], category=ONE_TO_ONE)",1,1,1,24
"Diff(project=yegor256/takes, old_sha=bdec6c9601b2e13c16633669525e9dde8958bbf5, new_sha=ec5a55e76082a17f483e9340632ff22806e34936, old_path=src/main/java/org/takes/facets/auth/codecs/CcPlain.java, new_path=src/main/java/org/takes/facets/auth/codecs/CcPlain.java, old_lines=[65], new_lines=[65], category=ONE_TO_ONE)",9,5,5,385
"Diff(project=yegor256/takes, old_sha=b1e3df0e23a53a8b211d1d0576caddde95fdde63, new_sha=8b2d9fc970c60777fa720e93e2c3632a05d7302f, old_path=src/main/java/org/takes/http/MainRemote.java, new_path=src/main/java/org/takes/http/MainRemote.java, old_lines=[91], new_lines=[91], category=ONE_TO_ONE)",30,5,5,228
"Diff(project=yegor256/takes, old_sha=e6fc4cf67614fef972c45bc2ada248085f3375bf, new_sha=3e53d1278d8a882343b877c5d7d2c04966491478, old_path=src/main/java/org/takes/rq/RqMethod.java, new_path=src/main/java/org/takes/rq/RqMethod.java, old_lines=[126], new_lines=[122], category=ONE_TO_ONE)",12,2,2,185
"Diff(project=yegor256/takes, old_sha=17307f33d49778fa92c128cbb2ae45e0273437d0, new_sha=2a5d71f53bfba73a9845b8b506238a12837f32c2, old_path=src/main/java/org/takes/facets/fork/FkParams.java, new_path=src/main/java/org/takes/facets/fork/FkParams.java, old_lines=[143], new_lines=[143], category=ONE_TO_ONE)",17,0,0,402
"Diff(project=agmip/agmip-common-functions, old_sha=d13ea559fe313fd72b82c1585eb88abe3dfb7a9a, new_sha=b2e46e33ca4382337c77ad545d03fd5c6de69093, old_path=src/main/java/org/agmip/functions/ExperimentHelper.java, new_path=src/main/java/org/agmip/functions/ExperimentHelper.java, old_lines=[364], new_lines=[507], category=ONE_TO_ONE)",5,1,1,12
"Diff(project=AlejandroRivera/embedded-rabbitmq, old_sha=fd2c317166f7da5953ac75543feec8704d630f82, new_sha=cea521c1fabbe3eff36ffd963332ef27734f2aee, old_path=src/main/java/io/arivera/oss/embedded/rabbitmq/helpers/ErlangVersionChecker.java, new_path=src/main/java/io/arivera/oss/embedded/rabbitmq/helpers/ErlangVersionChecker.java, old_lines=[90], new_lines=[91], category=ONE_TO_ONE)",2,1,1,13
"Diff(project=NLPchina/ansj_seg, old_sha=b1df7ee91539805fb45241ee0740d52da6a2203a, new_sha=19f72e8d6244b6148e3dd97515f81643a0c0f495, old_path=src/main/java/org/ansj/util/MyStaticValue.java, new_path=src/main/java/org/ansj/util/MyStaticValue.java, old_lines=[83], new_lines=[83], category=ONE_TO_ONE)",18,-1,8,104
"Diff(project=NLPchina/ansj_seg, old_sha=14f2584eebbc0c5d79f9e79f0946d1b059aa0d3d, new_sha=c15aca3689a55fed3b50bc3dd45c871f66dee0f3, old_path=src/main/java/org/ansj/recognition/impl/StopRecognition.java, new_path=src/main/java/org/ansj/recognition/impl/StopRecognition.java, old_lines=[117], new_lines=[117], category=ONE_TO_ONE)",0,0,0,10
"Diff(project=NLPchina/ansj_seg, old_sha=8312604436162b07d2c5d75d9bd68f0035a2badf, new_sha=a9f7dc7279713e0a2da2db0a5aad1e4e3df1a620, old_path=src/main/java/org/ansj/util/MyStaticValue.java, new_path=src/main/java/org/ansj/util/MyStaticValue.java, old_lines=[87], new_lines=[83], category=ONE_TO_ONE)",18,-1,8,104
"Diff(project=basho/riak-java-client, old_sha=f7548dcebdb835f3f2450611016f9119f8fca4ad, new_sha=a7e6030cd0d9ae42207baa120f865d1350daf112, old_path=src/main/java/com/basho/riak/client/util/LinkHeader.java, new_path=src/main/java/com/basho/riak/client/util/LinkHeader.java, old_lines=[58], new_lines=[58], category=ONE_TO_ONE)",5,1,0,103
"Diff(project=basho/riak-java-client, old_sha=f7548dcebdb835f3f2450611016f9119f8fca4ad, new_sha=a7e6030cd0d9ae42207baa120f865d1350daf112, old_path=src/main/java/com/basho/riak/client/util/LinkHeader.java, new_path=src/main/java/com/basho/riak/client/util/LinkHeader.java, old_lines=[65], new_lines=[65], category=ONE_TO_ONE)",5,1,0,103
"Diff(project=basho/riak-java-client, old_sha=bfe6b159fb22fab2b5cecb8f265244bdf920c3f2, new_sha=d95f7b26d3f5151b3619129aab44bf95fa175806, old_path=src/main/java/com/basho/riak/client/util/Multipart.java, new_path=src/main/java/com/basho/riak/client/util/Multipart.java, old_lines=[113], new_lines=[113], category=ONE_TO_ONE)",13,4,4,117
"Diff(project=basho/riak-java-client, old_sha=2b6c3953ddf7162478256dfb1496446059f910c0, new_sha=c2dabee558de2a751e4a35cc91bbe7b5697a1dd7, old_path=src/main/java/com/basho/riak/client/RiakConfig.java, new_path=src/main/java/com/basho/riak/client/RiakConfig.java, old_lines=[71], new_lines=[73], category=ONE_TO_ONE)",4,0,0,60
"Diff(project=alibaba/transmittable-thread-local, old_sha=ceb4ca088a3cea6187395c00092e1e4b995f0e0b, new_sha=40731bf4b54d015dcd2bf8cd3a68b58051c9897b, old_path=src/main/java/com/alibaba/mtc/threadpool/agent/MtContextTransformer.java, new_path=src/main/java/com/alibaba/mtc/threadpool/agent/MtContextTransformer.java, old_lines=[89], new_lines=[88], category=ONE_TO_ONE)",6,3,3,99
"Diff(project=alibaba/transmittable-thread-local, old_sha=ceb4ca088a3cea6187395c00092e1e4b995f0e0b, new_sha=40731bf4b54d015dcd2bf8cd3a68b58051c9897b, old_path=src/main/java/com/alibaba/mtc/threadpool/agent/MtContextTransformer.java, new_path=src/main/java/com/alibaba/mtc/threadpool/agent/MtContextTransformer.java, old_lines=[93], new_lines=[92], category=ONE_TO_ONE)",6,3,3,99
"Diff(project=alibaba/transmittable-thread-local, old_sha=eb330b0ed8f77729db521fb7a659359c60051f0f, new_sha=cafb0616b867fcd2d117264c0e155d4dd6c44bb5, old_path=src/main/java/com/oldratlee/mtc/threadpool/agent/MtContextTransformer.java, new_path=src/main/java/com/oldratlee/mtc/threadpool/agent/MtContextTransformer.java, old_lines=[86], new_lines=[88], category=ONE_TO_ONE)",3,2,2,236
"Diff(project=alibaba/transmittable-thread-local, old_sha=eb330b0ed8f77729db521fb7a659359c60051f0f, new_sha=cafb0616b867fcd2d117264c0e155d4dd6c44bb5, old_path=src/main/java/com/oldratlee/mtc/threadpool/agent/MtContextTransformer.java, new_path=src/main/java/com/oldratlee/mtc/threadpool/agent/MtContextTransformer.java, old_lines=[89], new_lines=[92], category=ONE_TO_ONE)",3,2,2,236
"Diff(project=cucumber-ltd/cucumber-pro-plugin-jvm, old_sha=c07fdc361d9c792c2d9ffe670764c4d80cce2638, new_sha=17869f3868222cdc25c56241ba6abdbb36b2c56d, old_path=src/main/java/io/cucumber/pro/results/HTTPResultsPublisher.java, new_path=src/main/java/io/cucumber/pro/results/HTTPResultsPublisher.java, old_lines=[83], new_lines=[83], category=ONE_TO_ONE)",21,17,17,61
"Diff(project=cucumber-ltd/cucumber-pro-plugin-jvm, old_sha=c07fdc361d9c792c2d9ffe670764c4d80cce2638, new_sha=17869f3868222cdc25c56241ba6abdbb36b2c56d, old_path=src/main/java/io/cucumber/pro/results/HTTPResultsPublisher.java, new_path=src/main/java/io/cucumber/pro/results/HTTPResultsPublisher.java, old_lines=[85], new_lines=[85], category=ONE_TO_ONE)",21,17,17,61
"Diff(project=trustathsh/ifmapj, old_sha=5714006e2ce99136154269476574eba912f04bba, new_sha=9dbefb4c7583d1076d76990fcfada91247cc64dc, old_path=src/main/java/de/hshannover/f4/trust/ifmapj/channel/AbstractChannel.java, new_path=src/main/java/de/hshannover/f4/trust/ifmapj/channel/AbstractChannel.java, old_lines=[433], new_lines=[451], category=ONE_TO_ONE)",11,0,0,41
"Diff(project=trustathsh/ifmapj, old_sha=5714006e2ce99136154269476574eba912f04bba, new_sha=9dbefb4c7583d1076d76990fcfada91247cc64dc, old_path=src/main/java/util/Base64.java, new_path=src/main/java/util/Base64.java, old_lines=[148], new_lines=[152], category=ONE_TO_ONE)",10,0,0,41
"Diff(project=trustathsh/ifmapj, old_sha=5714006e2ce99136154269476574eba912f04bba, new_sha=9dbefb4c7583d1076d76990fcfada91247cc64dc, old_path=src/main/java/util/Base64.java, new_path=src/main/java/util/Base64.java, old_lines=[172], new_lines=[176], category=ONE_TO_ONE)",10,0,0,41
"Diff(project=trustathsh/ifmapj, old_sha=5714006e2ce99136154269476574eba912f04bba, new_sha=9dbefb4c7583d1076d76990fcfada91247cc64dc, old_path=src/main/java/util/Base64.java, new_path=src/main/java/util/Base64.java, old_lines=[218], new_lines=[227], category=ONE_TO_ONE)",10,0,0,41
"Diff(project=trustathsh/ifmapj, old_sha=5714006e2ce99136154269476574eba912f04bba, new_sha=9dbefb4c7583d1076d76990fcfada91247cc64dc, old_path=src/main/java/util/Base64.java, new_path=src/main/java/util/Base64.java, old_lines=[289], new_lines=[304], category=ONE_TO_ONE)",10,0,0,41
"Diff(project=trustathsh/ifmapj, old_sha=5714006e2ce99136154269476574eba912f04bba, new_sha=9dbefb4c7583d1076d76990fcfada91247cc64dc, old_path=src/main/java/util/Base64.java, new_path=src/main/java/util/Base64.java, old_lines=[324], new_lines=[341], category=ONE_TO_ONE)",10,0,0,41
"Diff(project=trustathsh/ifmapj, old_sha=5714006e2ce99136154269476574eba912f04bba, new_sha=9dbefb4c7583d1076d76990fcfada91247cc64dc, old_path=src/main/java/util/Base64.java, new_path=src/main/java/util/Base64.java, old_lines=[348], new_lines=[365], category=ONE_TO_ONE)",10,0,0,41
"Diff(project=trustathsh/ifmapj, old_sha=5714006e2ce99136154269476574eba912f04bba, new_sha=9dbefb4c7583d1076d76990fcfada91247cc64dc, old_path=src/main/java/util/Base64.java, new_path=src/main/java/util/Base64.java, old_lines=[392], new_lines=[413], category=ONE_TO_ONE)",10,0,0,41
"Diff(project=trustathsh/ifmapj, old_sha=5714006e2ce99136154269476574eba912f04bba, new_sha=9dbefb4c7583d1076d76990fcfada91247cc64dc, old_path=src/main/java/util/Base64.java, new_path=src/main/java/util/Base64.java, old_lines=[466], new_lines=[493], category=ONE_TO_ONE)",10,0,0,41
"Diff(project=trustathsh/ifmapj, old_sha=5714006e2ce99136154269476574eba912f04bba, new_sha=9dbefb4c7583d1076d76990fcfada91247cc64dc, old_path=src/main/java/util/Base64.java, new_path=src/main/java/util/Base64.java, old_lines=[534], new_lines=[567], category=ONE_TO_ONE)",10,0,0,41
"Diff(project=OWASP/java-html-sanitizer, old_sha=cda61527bcf87050ade2ce21a4f241ba1ed21af8, new_sha=b8fdc05869190d3a17a98cae952db0ff3c35115d, old_path=src/main/java/org/owasp/html/HtmlElementTables.java, new_path=src/main/java/org/owasp/html/HtmlElementTables.java, old_lines=[534], new_lines=[534], category=ONE_TO_ONE)",11,2,2,68
"Diff(project=couchbase/CouchbaseMock, old_sha=f873764bb9d608862bab9a324dbbdd263b3e716e, new_sha=c2c5293ed25dce234e2c7f7007115d5fbbed1d8f, old_path=src/main/java/org/couchbase/mock/CouchbaseBucket.java, new_path=src/main/java/org/couchbase/mock/CouchbaseBucket.java, old_lines=[44], new_lines=[44], category=ONE_TO_ONE)",8,1,1,196
"Diff(project=couchbase/CouchbaseMock, old_sha=71341874274b778ae74a685f9e16ff957751c063, new_sha=42e2f774fb008249615954f87870985440a20096, old_path=src/main/java/org/couchbase/mock/http/PoolsHandler.java, new_path=src/main/java/org/couchbase/mock/http/PoolsHandler.java, old_lines=[115], new_lines=[115], category=ONE_TO_ONE)",13,8,7,108
"Diff(project=fasseg/exp4j, old_sha=b558b1ad0664fa7ccd83ce9e47e029adda413d26, new_sha=9b52703a481b366f840c4f063f3bc054e92ef306, old_path=src/main/java/de/congrace/exp4j/Tokenizer.java, new_path=src/main/java/de/congrace/exp4j/Tokenizer.java, old_lines=[139], new_lines=[139], category=ONE_TO_ONE)",1,1,1,13
"Diff(project=fasseg/exp4j, old_sha=b558b1ad0664fa7ccd83ce9e47e029adda413d26, new_sha=9b52703a481b366f840c4f063f3bc054e92ef306, old_path=src/main/java/de/congrace/exp4j/Tokenizer.java, new_path=src/main/java/de/congrace/exp4j/Tokenizer.java, old_lines=[142], new_lines=[142], category=ONE_TO_ONE)",1,1,1,13
"Diff(project=fasseg/exp4j, old_sha=b558b1ad0664fa7ccd83ce9e47e029adda413d26, new_sha=9b52703a481b366f840c4f063f3bc054e92ef306, old_path=src/main/java/de/congrace/exp4j/Tokenizer.java, new_path=src/main/java/de/congrace/exp4j/Tokenizer.java, old_lines=[145], new_lines=[145], category=ONE_TO_ONE)",1,1,1,13
"Diff(project=fasseg/exp4j, old_sha=b558b1ad0664fa7ccd83ce9e47e029adda413d26, new_sha=9b52703a481b366f840c4f063f3bc054e92ef306, old_path=src/main/java/de/congrace/exp4j/Tokenizer.java, new_path=src/main/java/de/congrace/exp4j/Tokenizer.java, old_lines=[148], new_lines=[148], category=ONE_TO_ONE)",1,1,1,13
"Diff(project=fasseg/exp4j, old_sha=b558b1ad0664fa7ccd83ce9e47e029adda413d26, new_sha=9b52703a481b366f840c4f063f3bc054e92ef306, old_path=src/main/java/de/congrace/exp4j/Tokenizer.java, new_path=src/main/java/de/congrace/exp4j/Tokenizer.java, old_lines=[151], new_lines=[151], category=ONE_TO_ONE)",1,1,1,13
"Diff(project=zeromq/jeromq, old_sha=ecccb554137a520cc45a5385c1709d396e256833, new_sha=f23955edb7e7e3150839206fef06f7d548060112, old_path=src/main/java/zmq/LB.java, new_path=src/main/java/zmq/LB.java, old_lines=[61], new_lines=[43], category=ONE_TO_ONE)",11,3,2,73
"Diff(project=zeromq/jeromq, old_sha=ecccb554137a520cc45a5385c1709d396e256833, new_sha=f23955edb7e7e3150839206fef06f7d548060112, old_path=src/main/java/zmq/PollItem.java, new_path=src/main/java/zmq/PollItem.java, old_lines=[56], new_lines=[41], category=ONE_TO_ONE)",0,0,0,14
"Diff(project=zeromq/jeromq, old_sha=ecccb554137a520cc45a5385c1709d396e256833, new_sha=f23955edb7e7e3150839206fef06f7d548060112, old_path=src/main/java/zmq/ZMQ.java, new_path=src/main/java/zmq/ZMQ.java, old_lines=[404], new_lines=[413], category=ONE_TO_ONE)",10,3,2,31
"Diff(project=zeromq/jeromq, old_sha=c6766c88b43d486fa19191d0e5f7128457508714, new_sha=20108a195a8adf66c9abfc1de603927739bcf948, old_path=src/main/java/org/jeromq/ZLog.java, new_path=src/main/java/org/jeromq/ZLog.java, old_lines=[100], new_lines=[107], category=ONE_TO_ONE)",3,0,0,14
"Diff(project=arturmkrtchyan/iban4j, old_sha=c810526c0b7620f769dfb7696d928d7182921ee5, new_sha=c14668ad2a46072daa018990f61c98adc56910f6, old_path=src/main/java/org/iban4j/IbanUtil.java, new_path=src/main/java/org/iban4j/IbanUtil.java, old_lines=[125], new_lines=[133], category=ONE_TO_ONE)",35,8,8,83
"Diff(project=arturmkrtchyan/iban4j, old_sha=15ee4685251fc10c2c994fb26930ca54485a116d, new_sha=bb20db66e8dc1cd0ac3b009ad2f9c4906d460492, old_path=src/main/java/org/iban4j/IbanUtil.java, new_path=src/main/java/org/iban4j/IbanUtil.java, old_lines=[103], new_lines=[116], category=ONE_TO_ONE)",35,8,8,83
"Diff(project=devnied/Bit-lib4j, old_sha=21fdf5f01521a13e6923f0f7740fb8e2a158b5be, new_sha=d0c1eff1da901a9022536240347ba7b4bf2e5106, old_path=src/main/java/fr/devnied/bitlib/BitUtils.java, new_path=src/main/java/fr/devnied/bitlib/BitUtils.java, old_lines=[287], new_lines=[283], category=ONE_TO_ONE)",2,2,1,3
"Diff(project=devnied/Bit-lib4j, old_sha=ca3a519817cc442cea96aa3f3f3f330df612d9b2, new_sha=1819b65c9c8d2a5758961fc43da4fd2c4ad1e89f, old_path=src/main/java/fr/devnied/bitlib/BitUtils.java, new_path=src/main/java/fr/devnied/bitlib/BitUtils.java, old_lines=[153], new_lines=[153], category=ONE_TO_ONE)",12,2,1,19
"Diff(project=devnied/Bit-lib4j, old_sha=ca3a519817cc442cea96aa3f3f3f330df612d9b2, new_sha=1819b65c9c8d2a5758961fc43da4fd2c4ad1e89f, old_path=src/main/java/fr/devnied/bitlib/BitUtils.java, new_path=src/main/java/fr/devnied/bitlib/BitUtils.java, old_lines=[155], new_lines=[155], category=ONE_TO_ONE)",12,2,1,19
"Diff(project=devnied/Bit-lib4j, old_sha=ca3a519817cc442cea96aa3f3f3f330df612d9b2, new_sha=1819b65c9c8d2a5758961fc43da4fd2c4ad1e89f, old_path=src/main/java/fr/devnied/bitlib/BitUtils.java, new_path=src/main/java/fr/devnied/bitlib/BitUtils.java, old_lines=[226], new_lines=[226], category=ONE_TO_ONE)",7,0,0,14
"Diff(project=devnied/Bit-lib4j, old_sha=ca3a519817cc442cea96aa3f3f3f330df612d9b2, new_sha=1819b65c9c8d2a5758961fc43da4fd2c4ad1e89f, old_path=src/main/java/fr/devnied/bitlib/BitUtils.java, new_path=src/main/java/fr/devnied/bitlib/BitUtils.java, old_lines=[229], new_lines=[229], category=ONE_TO_ONE)",7,0,0,14
"Diff(project=devnied/Bit-lib4j, old_sha=ca3a519817cc442cea96aa3f3f3f330df612d9b2, new_sha=1819b65c9c8d2a5758961fc43da4fd2c4ad1e89f, old_path=src/main/java/fr/devnied/bitlib/BitUtils.java, new_path=src/main/java/fr/devnied/bitlib/BitUtils.java, old_lines=[231], new_lines=[231], category=ONE_TO_ONE)",7,0,0,14
"Diff(project=devnied/Bit-lib4j, old_sha=ca3a519817cc442cea96aa3f3f3f330df612d9b2, new_sha=1819b65c9c8d2a5758961fc43da4fd2c4ad1e89f, old_path=src/main/java/fr/devnied/bitlib/BitUtils.java, new_path=src/main/java/fr/devnied/bitlib/BitUtils.java, old_lines=[325], new_lines=[344], category=ONE_TO_ONE)",12,3,1,19
"Diff(project=devnied/Bit-lib4j, old_sha=ca3a519817cc442cea96aa3f3f3f330df612d9b2, new_sha=1819b65c9c8d2a5758961fc43da4fd2c4ad1e89f, old_path=src/main/java/fr/devnied/bitlib/BitUtils.java, new_path=src/main/java/fr/devnied/bitlib/BitUtils.java, old_lines=[327], new_lines=[346], category=ONE_TO_ONE)",12,3,1,19
"Diff(project=devnied/Bit-lib4j, old_sha=ca3a519817cc442cea96aa3f3f3f330df612d9b2, new_sha=1819b65c9c8d2a5758961fc43da4fd2c4ad1e89f, old_path=src/main/java/fr/devnied/bitlib/BitUtils.java, new_path=src/main/java/fr/devnied/bitlib/BitUtils.java, old_lines=[384], new_lines=[409], category=ONE_TO_ONE)",12,3,2,19
"Diff(project=codelibs/jcifs, old_sha=6177f91957e25642a2cb61d9d180939cef0d0839, new_sha=29c1abbb230a2c0a0b36414f29c011df91e4437f, old_path=src/main/java/jcifs/smb1/dcerpc/DcerpcPipeHandle.java, new_path=src/main/java/jcifs/smb1/dcerpc/DcerpcPipeHandle.java, old_lines=[41], new_lines=[41], category=ONE_TO_ONE)",1,1,1,8
"Diff(project=codelibs/jcifs, old_sha=6177f91957e25642a2cb61d9d180939cef0d0839, new_sha=29c1abbb230a2c0a0b36414f29c011df91e4437f, old_path=src/main/java/jcifs/smb1/netbios/Lmhosts.java, new_path=src/main/java/jcifs/smb1/netbios/Lmhosts.java, old_lines=[94], new_lines=[94], category=ONE_TO_ONE)",1,1,1,8
"Diff(project=Asana/java-asana, old_sha=582f27f5d0f39252805eb8eb9a38edc4863aac47, new_sha=63beb1e9f554e0d1a3e39519b9ae0bde0cffde90, old_path=src/main/java/com/asana/resources/gen/TeamsBase.java, new_path=src/main/java/com/asana/resources/gen/TeamsBase.java, old_lines=[56], new_lines=[68], category=ONE_TO_ONE)",0,0,0,2
"Diff(project=Asana/java-asana, old_sha=582f27f5d0f39252805eb8eb9a38edc4863aac47, new_sha=63beb1e9f554e0d1a3e39519b9ae0bde0cffde90, old_path=src/main/java/com/asana/resources/gen/TagsBase.java, new_path=src/main/java/com/asana/resources/gen/TagsBase.java, old_lines=[72], new_lines=[70], category=ONE_TO_ONE)",1,0,0,2
"Diff(project=Asana/java-asana, old_sha=63beb1e9f554e0d1a3e39519b9ae0bde0cffde90, new_sha=d2d2035cca3732bbdd285fad809dab8945e18f66, old_path=src/main/java/com/asana/resources/gen/TasksBase.java, new_path=src/main/java/com/asana/resources/gen/TasksBase.java, old_lines=[118], new_lines=[131], category=ONE_TO_ONE)",7,1,1,11
"Diff(project=networknt/json-schema-validator, old_sha=b9fbd9162cc8a5d0a755c02ebd370c98d37064a3, new_sha=64f63674af346905e7c7a162bebc20983b2bbbf2, old_path=src/main/java/com/networknt/schema/RefValidator.java, new_path=src/main/java/com/networknt/schema/RefValidator.java, old_lines=[54], new_lines=[53], category=ONE_TO_ONE)",25,8,8,282
"Diff(project=rynr/launchpad, old_sha=02b4f68a440a7e630118e3efdf64370bc04b83dc, new_sha=92c655be5653e0c1534eb0ae6394821b0a557f4c, old_path=src/main/java/org/rjung/util/launchpad/MidiCommand.java, new_path=src/main/java/org/rjung/util/launchpad/MidiCommand.java, old_lines=[72], new_lines=[72], category=ONE_TO_ONE)",8,2,1,14
"Diff(project=hsiafan/apk-parser, old_sha=fdf980a27dc2f2a8162ce061dc3e1f6737d63d92, new_sha=666cc6474f682391858c6b2a4324a63d22b79a93, old_path=src/main/java/net/dongliu/apk/parser/utils/ParseUtils.java, new_path=src/main/java/net/dongliu/apk/parser/utils/ParseUtils.java, old_lines=[68], new_lines=[68], category=ONE_TO_ONE)",0,0,0,12
"Diff(project=hsiafan/apk-parser, old_sha=fdf980a27dc2f2a8162ce061dc3e1f6737d63d92, new_sha=666cc6474f682391858c6b2a4324a63d22b79a93, old_path=src/main/java/net/dongliu/apk/parser/utils/ParseUtils.java, new_path=src/main/java/net/dongliu/apk/parser/utils/ParseUtils.java, old_lines=[84], new_lines=[84], category=ONE_TO_ONE)",0,0,0,12
"Diff(project=couchbase/couchbase-jvm-core, old_sha=2c97e897faaaa12400469f224bc281ecd9a4c1ab, new_sha=947764957134458c6419291179b1439b29da378a, old_path=src/main/java/com/couchbase/client/core/time/ExponentialDelay.java, new_path=src/main/java/com/couchbase/client/core/time/ExponentialDelay.java, old_lines=[53], new_lines=[73], category=ONE_TO_ONE)",6,3,3,532
"Diff(project=couchbase/couchbase-jvm-core, old_sha=1494cebcb1c1910cb8a58d29b931d15df4689261, new_sha=06cf7efe40b22219c42f3ba3e7c0557cb2251895, old_path=src/main/java/com/couchbase/client/core/config/refresher/HttpRefresher.java, new_path=src/main/java/com/couchbase/client/core/config/refresher/HttpRefresher.java, old_lines=[348], new_lines=[348], category=ONE_TO_ONE)",3,1,1,62
"Diff(project=JDBDT/jdbdt, old_sha=5b65777c4151cc2f236ef600f8e93021edc58a3c, new_sha=5f7f16ad3b5f866fca91921bb7c4fe6aebe6b3b6, old_path=src/main/java/org/jdbdt/Misc.java, new_path=src/main/java/org/jdbdt/Misc.java, old_lines=[55], new_lines=[54], category=ONE_TO_ONE)",15,4,4,237
"Diff(project=mapcode-foundation/mapcode-java, old_sha=5fc6d68e61cead5c78f93754d11ec2eff17e593b, new_sha=2c35447e399c15331433a3cf1a3ea6254cb153eb, old_path=src/main/java/com/mapcode/Decoder.java, new_path=src/main/java/com/mapcode/Decoder.java, old_lines=[345], new_lines=[345], category=ONE_TO_ONE)",40,22,17,117
"Diff(project=mapcode-foundation/mapcode-java, old_sha=94d95e60d446bc53c2662aa9833358e1e77f5324, new_sha=0ec5e53e1f9ad17df7a89b75b468b309144008de, old_path=src/main/java/com/mapcode/Mapcode.java, new_path=src/main/java/com/mapcode/Mapcode.java, old_lines=[90], new_lines=[90], category=ONE_TO_ONE)",15,1,0,52
"Diff(project=mapcode-foundation/mapcode-java, old_sha=ec5d799afe463adc11605a6652eb4c3f4c60cf4a, new_sha=bc0d57b5ea240ae1bac99e2b2ea3c390490c6e80, old_path=src/main/java/com/mapcode/Territory.java, new_path=src/main/java/com/mapcode/Territory.java, old_lines=[949], new_lines=[962], category=ONE_TO_ONE)",30,1,1,117
"Diff(project=mapcode-foundation/mapcode-java, old_sha=d3310a1c06e4057c6d7c5a51f85dfabc4791c2cf, new_sha=7f1009b0a906e5d486a61af02680b3d583a36afb, old_path=src/main/java/com/mapcode/Decoder.java, new_path=src/main/java/com/mapcode/Decoder.java, old_lines=[374], new_lines=[401], category=ONE_TO_ONE)",40,8,7,117
"Diff(project=mapcode-foundation/mapcode-java, old_sha=d3310a1c06e4057c6d7c5a51f85dfabc4791c2cf, new_sha=7f1009b0a906e5d486a61af02680b3d583a36afb, old_path=src/main/java/com/mapcode/Decoder.java, new_path=src/main/java/com/mapcode/Decoder.java, old_lines=[612], new_lines=[676], category=ONE_TO_ONE)",40,4,3,117
"Diff(project=mapcode-foundation/mapcode-java, old_sha=d3310a1c06e4057c6d7c5a51f85dfabc4791c2cf, new_sha=7f1009b0a906e5d486a61af02680b3d583a36afb, old_path=src/main/java/com/mapcode/Territory.java, new_path=src/main/java/com/mapcode/Territory.java, old_lines=[860], new_lines=[926], category=ONE_TO_ONE)",13,4,3,76
"Diff(project=jhy/jsoup, old_sha=3afde5830e5bc811dfaf214be86652e2c1f95489, new_sha=28792633d291818bca6cdcc1ed890afe8ca8b4ea, old_path=src/main/java/org/jsoup/nodes/Element.java, new_path=src/main/java/org/jsoup/nodes/Element.java, old_lines=[1390], new_lines=[1400], category=ONE_TO_ONE)",235,10,5,1346
"Diff(project=jhy/jsoup, old_sha=8db724e82cc73f921adc2fad900e10655438e662, new_sha=cedf83c47f5fe58c4c9b2514c864bc2d576321d4, old_path=src/main/java/org/jsoup/helper/HttpConnection.java, new_path=src/main/java/org/jsoup/helper/HttpConnection.java, old_lines=[493], new_lines=[493], category=ONE_TO_ONE)",59,2,2,577
"Diff(project=jhy/jsoup, old_sha=27e7d5f03d85bea15fbfe5432c37c6de94965a82, new_sha=ec2d0c4b34f0cc306d61e3b0122307bbf72335c5, old_path=src/main/java/org/jsoup/parser/CharacterReader.java, new_path=src/main/java/org/jsoup/parser/CharacterReader.java, old_lines=[732], new_lines=[735], category=ONE_TO_ONE)",45,6,6,902
"Diff(project=jhy/jsoup, old_sha=f0345613a58ff6b9699b051ad7bcf8105529355b, new_sha=a067d5a25f46fe88219a2eb3f4c6c4d5961eeee4, old_path=src/main/java/org/jsoup/helper/W3CDom.java, new_path=src/main/java/org/jsoup/helper/W3CDom.java, old_lines=[286], new_lines=[286], category=ONE_TO_ONE)",34,3,3,803
"Diff(project=jhy/jsoup, old_sha=2bf377f72faa3b85e1a6ef66a21fca9c04001abf, new_sha=d80c0a99da0ff53a15d85381dd92a2a8f9742d66, old_path=src/main/java/org/jsoup/select/Collector.java, new_path=src/main/java/org/jsoup/select/Collector.java, old_lines=[83], new_lines=[88], category=ONE_TO_ONE)",9,2,2,630
"Diff(project=jfaster/mango, old_sha=4c26614632c640f65a2fdc9bd8ca067b281a38c9, new_sha=cceaa3dcdcd79b28ed790e050111d59725173a8c, old_path=src/main/java/org/jfaster/mango/parser/ParserTokenManager.java, new_path=src/main/java/org/jfaster/mango/parser/ParserTokenManager.java, old_lines=[61], new_lines=[61], category=ONE_TO_ONE)",3,2,2,98
"Diff(project=jfaster/mango, old_sha=4c26614632c640f65a2fdc9bd8ca067b281a38c9, new_sha=cceaa3dcdcd79b28ed790e050111d59725173a8c, old_path=src/main/java/org/jfaster/mango/parser/ParserTokenManager.java, new_path=src/main/java/org/jfaster/mango/parser/ParserTokenManager.java, old_lines=[84], new_lines=[84], category=ONE_TO_ONE)",2,1,1,77
"Diff(project=jfaster/mango, old_sha=8641e1f06b772acfb9e7aeb5fb0537971bbb01c2, new_sha=b56a215fdee11e88fdc812774599c66166ebd374, old_path=src/main/java/org/jfaster/mango/parser/ParserTokenManager.java, new_path=src/main/java/org/jfaster/mango/parser/ParserTokenManager.java, old_lines=[53], new_lines=[53], category=ONE_TO_ONE)",2,1,1,77
"Diff(project=jfaster/mango, old_sha=8641e1f06b772acfb9e7aeb5fb0537971bbb01c2, new_sha=b56a215fdee11e88fdc812774599c66166ebd374, old_path=src/main/java/org/jfaster/mango/parser/ParserTokenManager.java, new_path=src/main/java/org/jfaster/mango/parser/ParserTokenManager.java, old_lines=[63], new_lines=[63], category=ONE_TO_ONE)",3,2,2,98
"Diff(project=jfaster/mango, old_sha=8641e1f06b772acfb9e7aeb5fb0537971bbb01c2, new_sha=b56a215fdee11e88fdc812774599c66166ebd374, old_path=src/main/java/org/jfaster/mango/parser/ParserTokenManager.java, new_path=src/main/java/org/jfaster/mango/parser/ParserTokenManager.java, old_lines=[844], new_lines=[890], category=ONE_TO_ONE)",2,1,1,77
"Diff(project=jfaster/mango, old_sha=8641e1f06b772acfb9e7aeb5fb0537971bbb01c2, new_sha=b56a215fdee11e88fdc812774599c66166ebd374, old_path=src/main/java/org/jfaster/mango/parser/ParserTokenManager.java, new_path=src/main/java/org/jfaster/mango/parser/ParserTokenManager.java, old_lines=[1077], new_lines=[1123], category=ONE_TO_ONE)",3,2,2,98
"Diff(project=jfaster/mango, old_sha=8641e1f06b772acfb9e7aeb5fb0537971bbb01c2, new_sha=b56a215fdee11e88fdc812774599c66166ebd374, old_path=src/main/java/org/jfaster/mango/parser/ParserTokenManager.java, new_path=src/main/java/org/jfaster/mango/parser/ParserTokenManager.java, old_lines=[1097], new_lines=[1143], category=ONE_TO_ONE)",3,2,2,98
"Diff(project=jfaster/mango, old_sha=8641e1f06b772acfb9e7aeb5fb0537971bbb01c2, new_sha=b56a215fdee11e88fdc812774599c66166ebd374, old_path=src/main/java/org/jfaster/mango/parser/ParserTokenManager.java, new_path=src/main/java/org/jfaster/mango/parser/ParserTokenManager.java, old_lines=[1105], new_lines=[1151], category=ONE_TO_ONE)",3,2,2,98
"Diff(project=jfaster/mango, old_sha=8641e1f06b772acfb9e7aeb5fb0537971bbb01c2, new_sha=b56a215fdee11e88fdc812774599c66166ebd374, old_path=src/main/java/org/jfaster/mango/parser/ParserTokenManager.java, new_path=src/main/java/org/jfaster/mango/parser/ParserTokenManager.java, old_lines=[1152], new_lines=[1198], category=ONE_TO_ONE)",3,2,2,98
"Diff(project=jfaster/mango, old_sha=8641e1f06b772acfb9e7aeb5fb0537971bbb01c2, new_sha=b56a215fdee11e88fdc812774599c66166ebd374, old_path=src/main/java/org/jfaster/mango/parser/ParserTokenManager.java, new_path=src/main/java/org/jfaster/mango/parser/ParserTokenManager.java, old_lines=[1160], new_lines=[1206], category=ONE_TO_ONE)",3,2,2,98
"Diff(project=jfaster/mango, old_sha=4c26614632c640f65a2fdc9bd8ca067b281a38c9, new_sha=cceaa3dcdcd79b28ed790e050111d59725173a8c, old_path=src/main/java/org/jfaster/mango/parser/ParserTokenManager.java, new_path=src/main/java/org/jfaster/mango/parser/ParserTokenManager.java, old_lines=[31], new_lines=[31], category=ONE_TO_ONE)",0,0,0,30
"Diff(project=jfaster/mango, old_sha=4c26614632c640f65a2fdc9bd8ca067b281a38c9, new_sha=cceaa3dcdcd79b28ed790e050111d59725173a8c, old_path=src/main/java/org/jfaster/mango/parser/ParserTokenManager.java, new_path=src/main/java/org/jfaster/mango/parser/ParserTokenManager.java, old_lines=[74], new_lines=[74], category=ONE_TO_ONE)",3,2,2,98
"Diff(project=jfaster/mango, old_sha=4c26614632c640f65a2fdc9bd8ca067b281a38c9, new_sha=cceaa3dcdcd79b28ed790e050111d59725173a8c, old_path=src/main/java/org/jfaster/mango/parser/ParserTokenManager.java, new_path=src/main/java/org/jfaster/mango/parser/ParserTokenManager.java, old_lines=[234], new_lines=[238], category=ONE_TO_ONE)",3,3,3,98
"Diff(project=jfaster/mango, old_sha=4c26614632c640f65a2fdc9bd8ca067b281a38c9, new_sha=cceaa3dcdcd79b28ed790e050111d59725173a8c, old_path=src/main/java/org/jfaster/mango/parser/ParserTokenManager.java, new_path=src/main/java/org/jfaster/mango/parser/ParserTokenManager.java, old_lines=[281], new_lines=[288], category=ONE_TO_ONE)",3,2,2,98
"Diff(project=jfaster/mango, old_sha=4c26614632c640f65a2fdc9bd8ca067b281a38c9, new_sha=cceaa3dcdcd79b28ed790e050111d59725173a8c, old_path=src/main/java/org/jfaster/mango/parser/ParserTokenManager.java, new_path=src/main/java/org/jfaster/mango/parser/ParserTokenManager.java, old_lines=[352], new_lines=[367], category=ONE_TO_ONE)",0,0,0,30
"Diff(project=jfaster/mango, old_sha=4c26614632c640f65a2fdc9bd8ca067b281a38c9, new_sha=cceaa3dcdcd79b28ed790e050111d59725173a8c, old_path=src/main/java/org/jfaster/mango/parser/ParserTokenManager.java, new_path=src/main/java/org/jfaster/mango/parser/ParserTokenManager.java, old_lines=[888], new_lines=[965], category=ONE_TO_ONE)",0,0,0,30
"Diff(project=jfaster/mango, old_sha=4c26614632c640f65a2fdc9bd8ca067b281a38c9, new_sha=cceaa3dcdcd79b28ed790e050111d59725173a8c, old_path=src/main/java/org/jfaster/mango/parser/ParserTokenManager.java, new_path=src/main/java/org/jfaster/mango/parser/ParserTokenManager.java, old_lines=[1126], new_lines=[1203], category=ONE_TO_ONE)",3,2,2,98
"Diff(project=jfaster/mango, old_sha=4c26614632c640f65a2fdc9bd8ca067b281a38c9, new_sha=cceaa3dcdcd79b28ed790e050111d59725173a8c, old_path=src/main/java/org/jfaster/mango/parser/ParserTokenManager.java, new_path=src/main/java/org/jfaster/mango/parser/ParserTokenManager.java, old_lines=[1146], new_lines=[1223], category=ONE_TO_ONE)",3,2,2,98
"Diff(project=jfaster/mango, old_sha=4c26614632c640f65a2fdc9bd8ca067b281a38c9, new_sha=cceaa3dcdcd79b28ed790e050111d59725173a8c, old_path=src/main/java/org/jfaster/mango/parser/ParserTokenManager.java, new_path=src/main/java/org/jfaster/mango/parser/ParserTokenManager.java, old_lines=[1154], new_lines=[1231], category=ONE_TO_ONE)",3,2,2,98
"Diff(project=jfaster/mango, old_sha=4c26614632c640f65a2fdc9bd8ca067b281a38c9, new_sha=cceaa3dcdcd79b28ed790e050111d59725173a8c, old_path=src/main/java/org/jfaster/mango/parser/ParserTokenManager.java, new_path=src/main/java/org/jfaster/mango/parser/ParserTokenManager.java, old_lines=[1197], new_lines=[1274], category=ONE_TO_ONE)",0,0,0,1
"Diff(project=jfaster/mango, old_sha=4c26614632c640f65a2fdc9bd8ca067b281a38c9, new_sha=cceaa3dcdcd79b28ed790e050111d59725173a8c, old_path=src/main/java/org/jfaster/mango/parser/ParserTokenManager.java, new_path=src/main/java/org/jfaster/mango/parser/ParserTokenManager.java, old_lines=[1201], new_lines=[1278], category=ONE_TO_ONE)",3,2,2,98
"Diff(project=jfaster/mango, old_sha=4c26614632c640f65a2fdc9bd8ca067b281a38c9, new_sha=cceaa3dcdcd79b28ed790e050111d59725173a8c, old_path=src/main/java/org/jfaster/mango/parser/ParserTokenManager.java, new_path=src/main/java/org/jfaster/mango/parser/ParserTokenManager.java, old_lines=[1209], new_lines=[1286], category=ONE_TO_ONE)",3,2,2,98
"Diff(project=jfaster/mango, old_sha=8641e1f06b772acfb9e7aeb5fb0537971bbb01c2, new_sha=b56a215fdee11e88fdc812774599c66166ebd374, old_path=src/main/java/org/jfaster/mango/parser/ParserTokenManager.java, new_path=src/main/java/org/jfaster/mango/parser/ParserTokenManager.java, old_lines=[31], new_lines=[31], category=ONE_TO_ONE)",1,0,0,47
"Diff(project=jfaster/mango, old_sha=eb9a531ccd26346d609efe159b6a96428806ab36, new_sha=b942063fd08e6369ad5be30d58f6b9cbf8336478, old_path=src/main/java/org/jfaster/mango/crud/buildin/builder/BuildinAddBuilder.java, new_path=src/main/java/org/jfaster/mango/crud/buildin/builder/BuildinAddBuilder.java, old_lines=[39], new_lines=[39], category=ONE_TO_ONE)",1,1,1,5
"Diff(project=jfaster/mango, old_sha=eb9a531ccd26346d609efe159b6a96428806ab36, new_sha=b942063fd08e6369ad5be30d58f6b9cbf8336478, old_path=src/main/java/org/jfaster/mango/crud/buildin/builder/BuildinUpdateBuilder.java, new_path=src/main/java/org/jfaster/mango/crud/buildin/builder/BuildinUpdateBuilder.java, old_lines=[56], new_lines=[56], category=ONE_TO_ONE)",1,1,1,5
"Diff(project=jfaster/mango, old_sha=93faa28b7f621b6e83c30d9a1577e6fd6173fd07, new_sha=eb9a531ccd26346d609efe159b6a96428806ab36, old_path=src/main/java/org/jfaster/mango/crud/buildin/builder/BuildinUpdateBuilder.java, new_path=src/main/java/org/jfaster/mango/crud/buildin/builder/BuildinUpdateBuilder.java, old_lines=[39], new_lines=[47], category=ONE_TO_ONE)",1,1,1,5
"Diff(project=apache/datasketches-java, old_sha=7f0203d990be4ea7729e39d8d47774752e3935f7, new_sha=4dea819b01bced4050d4d84ffd86e2eabd270943, old_path=src/main/java/org/apache/datasketches/theta/DirectQuickSelectSketchR.java, new_path=src/main/java/org/apache/datasketches/theta/DirectQuickSelectSketchR.java, old_lines=[123], new_lines=[131], category=ONE_TO_ONE)",8,1,1,42
"Diff(project=apache/datasketches-java, old_sha=f931cb45648fd38b9636db89f67262fdbb153b3b, new_sha=ec1024b0f0a8404f78c81aac68bad0cf782dea72, old_path=src/main/java/org/apache/datasketches/cpc/PreambleUtil.java, new_path=src/main/java/org/apache/datasketches/cpc/PreambleUtil.java, old_lines=[816], new_lines=[816], category=ONE_TO_ONE)",3,1,1,42
"Diff(project=apache/datasketches-java, old_sha=7f0203d990be4ea7729e39d8d47774752e3935f7, new_sha=4dea819b01bced4050d4d84ffd86e2eabd270943, old_path=src/main/java/org/apache/datasketches/hll/Hll4Array.java, new_path=src/main/java/org/apache/datasketches/hll/Hll4Array.java, old_lines=[121], new_lines=[131], category=ONE_TO_ONE)",2,1,1,42
"Diff(project=apache/datasketches-java, old_sha=7f0203d990be4ea7729e39d8d47774752e3935f7, new_sha=4dea819b01bced4050d4d84ffd86e2eabd270943, old_path=src/main/java/org/apache/datasketches/hll/Hll4Array.java, new_path=src/main/java/org/apache/datasketches/hll/Hll4Array.java, old_lines=[123], new_lines=[133], category=ONE_TO_ONE)",2,1,1,42
"Diff(project=apache/datasketches-java, old_sha=3dcdc759746e0243df92abfddc3b8bd44bee5a39, new_sha=fcafb98621f6cad56ba5f59a8438073218bbd019, old_path=src/main/java/org/apache/datasketches/theta/Sketch.java, new_path=src/main/java/org/apache/datasketches/theta/Sketch.java, old_lines=[628], new_lines=[628], category=ONE_TO_ONE)",11,1,1,42
"Diff(project=apache/datasketches-java, old_sha=3dcdc759746e0243df92abfddc3b8bd44bee5a39, new_sha=fcafb98621f6cad56ba5f59a8438073218bbd019, old_path=src/main/java/org/apache/datasketches/theta/Sketch.java, new_path=src/main/java/org/apache/datasketches/theta/Sketch.java, old_lines=[632], new_lines=[632], category=ONE_TO_ONE)",11,1,1,42
"Diff(project=apache/datasketches-java, old_sha=fcafb98621f6cad56ba5f59a8438073218bbd019, new_sha=2aa064df86cff39e4e763de1d84c7afe680d0d9f, old_path=src/main/java/org/apache/datasketches/theta/IntersectionImpl.java, new_path=src/main/java/org/apache/datasketches/theta/IntersectionImpl.java, old_lines=[350], new_lines=[360], category=ONE_TO_ONE)",4,2,2,32
"Diff(project=apache/datasketches-java, old_sha=fcafb98621f6cad56ba5f59a8438073218bbd019, new_sha=2aa064df86cff39e4e763de1d84c7afe680d0d9f, old_path=src/main/java/org/apache/datasketches/theta/UnionImpl.java, new_path=src/main/java/org/apache/datasketches/theta/UnionImpl.java, old_lines=[306], new_lines=[315], category=ONE_TO_ONE)",11,3,3,42
"Diff(project=apache/datasketches-java, old_sha=fcafb98621f6cad56ba5f59a8438073218bbd019, new_sha=2aa064df86cff39e4e763de1d84c7afe680d0d9f, old_path=src/main/java/org/apache/datasketches/theta/UnionImpl.java, new_path=src/main/java/org/apache/datasketches/theta/UnionImpl.java, old_lines=[419], new_lines=[434], category=ONE_TO_ONE)",11,5,5,42
"Diff(project=apache/datasketches-java, old_sha=fcafb98621f6cad56ba5f59a8438073218bbd019, new_sha=2aa064df86cff39e4e763de1d84c7afe680d0d9f, old_path=src/main/java/org/apache/datasketches/theta/UnionImpl.java, new_path=src/main/java/org/apache/datasketches/theta/UnionImpl.java, old_lines=[422], new_lines=[437], category=ONE_TO_ONE)",8,2,2,20
"Diff(project=apache/datasketches-java, old_sha=0d981684c939b0bcddeee2da6d61386dcc8b4f8a, new_sha=78cffb4b307e47852be8b7f321b92df1c28b70f5, old_path=src/main/java/org/apache/datasketches/frequencies/ReversePurgeItemHashMap.java, new_path=src/main/java/org/apache/datasketches/frequencies/ReversePurgeItemHashMap.java, old_lines=[309], new_lines=[309], category=ONE_TO_ONE)",2,1,1,42
"Diff(project=apache/datasketches-java, old_sha=0d981684c939b0bcddeee2da6d61386dcc8b4f8a, new_sha=78cffb4b307e47852be8b7f321b92df1c28b70f5, old_path=src/main/java/org/apache/datasketches/frequencies/ReversePurgeItemHashMap.java, new_path=src/main/java/org/apache/datasketches/frequencies/ReversePurgeItemHashMap.java, old_lines=[322], new_lines=[322], category=ONE_TO_ONE)",1,0,0,18
"Diff(project=apache/datasketches-java, old_sha=0d981684c939b0bcddeee2da6d61386dcc8b4f8a, new_sha=78cffb4b307e47852be8b7f321b92df1c28b70f5, old_path=src/main/java/org/apache/datasketches/frequencies/ReversePurgeItemHashMap.java, new_path=src/main/java/org/apache/datasketches/frequencies/ReversePurgeItemHashMap.java, old_lines=[333], new_lines=[333], category=ONE_TO_ONE)",1,0,0,18
"Diff(project=apache/datasketches-java, old_sha=d3daed1f25a54a560a945179bf2cebc958842529, new_sha=8dc75a483ceb990c3ea43c1c6dbea2158d11a4d0, old_path=src/main/java/org/apache/datasketches/hash/MurmurHash3.java, new_path=src/main/java/org/apache/datasketches/hash/MurmurHash3.java, old_lines=[345], new_lines=[505], category=ONE_TO_ONE)",4,1,1,42
"Diff(project=apache/datasketches-java, old_sha=d48d3a482b2208cccff86bd87fe33f423f6ccaf0, new_sha=e192f830ed1fb06ee0ffbf347fd248b4fa88e8dd, old_path=src/main/java/org/apache/datasketches/tuple/HashTables.java, new_path=src/main/java/org/apache/datasketches/tuple/HashTables.java, old_lines=[64], new_lines=[64], category=ONE_TO_ONE)",2,0,0,12
"Diff(project=apache/datasketches-java, old_sha=7f0203d990be4ea7729e39d8d47774752e3935f7, new_sha=4dea819b01bced4050d4d84ffd86e2eabd270943, old_path=src/main/java/org/apache/datasketches/theta/HeapUpdateSketch.java, new_path=src/main/java/org/apache/datasketches/theta/HeapUpdateSketch.java, old_lines=[110], new_lines=[114], category=ONE_TO_ONE)",5,3,3,42
"Diff(project=apache/datasketches-java, old_sha=d3daed1f25a54a560a945179bf2cebc958842529, new_sha=8dc75a483ceb990c3ea43c1c6dbea2158d11a4d0, old_path=src/main/java/org/apache/datasketches/hash/MurmurHash3.java, new_path=src/main/java/org/apache/datasketches/hash/MurmurHash3.java, old_lines=[326], new_lines=[486], category=ONE_TO_ONE)",4,1,1,42
"Diff(project=apache/datasketches-java, old_sha=70d735622280fb8bd2ce5606227be35449448e46, new_sha=f931cb45648fd38b9636db89f67262fdbb153b3b, old_path=src/main/java/org/apache/datasketches/theta/Intersection.java, new_path=src/main/java/org/apache/datasketches/theta/Intersection.java, old_lines=[155], new_lines=[155], category=ONE_TO_ONE)",4,1,1,32
"Diff(project=apache/datasketches-java, old_sha=70d735622280fb8bd2ce5606227be35449448e46, new_sha=f931cb45648fd38b9636db89f67262fdbb153b3b, old_path=src/main/java/org/apache/datasketches/theta/SetOperationBuilder.java, new_path=src/main/java/org/apache/datasketches/theta/SetOperationBuilder.java, old_lines=[95], new_lines=[92], category=ONE_TO_ONE)",3,1,1,11
"Diff(project=apache/datasketches-java, old_sha=70d735622280fb8bd2ce5606227be35449448e46, new_sha=f931cb45648fd38b9636db89f67262fdbb153b3b, old_path=src/main/java/org/apache/datasketches/theta/UpdateSketchBuilder.java, new_path=src/main/java/org/apache/datasketches/theta/UpdateSketchBuilder.java, old_lines=[122], new_lines=[118], category=ONE_TO_ONE)",4,3,1,39
"Diff(project=apache/datasketches-java, old_sha=70d735622280fb8bd2ce5606227be35449448e46, new_sha=f931cb45648fd38b9636db89f67262fdbb153b3b, old_path=src/main/java/org/apache/datasketches/tuple/UpdatableSketchBuilder.java, new_path=src/main/java/org/apache/datasketches/tuple/UpdatableSketchBuilder.java, old_lines=[61], new_lines=[59], category=ONE_TO_ONE)",1,1,1,39
"Diff(project=apache/datasketches-java, old_sha=70d735622280fb8bd2ce5606227be35449448e46, new_sha=f931cb45648fd38b9636db89f67262fdbb153b3b, old_path=src/main/java/org/apache/datasketches/tuple/arrayofdoubles/ArrayOfDoublesUpdatableSketchBuilder.java, new_path=src/main/java/org/apache/datasketches/tuple/arrayofdoubles/ArrayOfDoublesUpdatableSketchBuilder.java, old_lines=[63], new_lines=[60], category=ONE_TO_ONE)",0,0,0,9
"Diff(project=wavesoftware/java-eid-exceptions, old_sha=87ae592771b07827c0726e5d7c0864126cfc4913, new_sha=3dd2d164a360d88d183573127daa0865cb2b5258, old_path=src/main/java/pl/wavesoftware/eid/exceptions/Eid.java, new_path=src/main/java/pl/wavesoftware/eid/exceptions/Eid.java, old_lines=[202], new_lines=[202], category=ONE_TO_ONE)",2,1,0,6
"Diff(project=mariadb-corporation/mariadb-connector-j, old_sha=7b078899f72ed0e157baab9d21d62718c228e47a, new_sha=3b93619ce7226ac56ca1a2b6f0e50829b1dbd157, old_path=src/main/java/org/mariadb/jdbc/MariaDbStatement.java, new_path=src/main/java/org/mariadb/jdbc/MariaDbStatement.java, old_lines=[1138], new_lines=[1137], category=ONE_TO_ONE)",3,1,1,14
"Diff(project=mariadb-corporation/mariadb-connector-j, old_sha=43de4520ecbd716a97afd44b7d57f99d917b429d, new_sha=9494c97670d2b3f2f86494f0cfc5642daffcc381, old_path=src/main/java/org/mariadb/jdbc/internal/queryresults/MariaDbValueObject.java, new_path=src/main/java/org/mariadb/jdbc/internal/queryresults/MariaDbValueObject.java, old_lines=[1102], new_lines=[1326], category=ONE_TO_ONE)",6,1,1,73
"Diff(project=mariadb-corporation/mariadb-connector-j, old_sha=43de4520ecbd716a97afd44b7d57f99d917b429d, new_sha=9494c97670d2b3f2f86494f0cfc5642daffcc381, old_path=src/main/java/org/mariadb/jdbc/internal/queryresults/MariaDbValueObject.java, new_path=src/main/java/org/mariadb/jdbc/internal/queryresults/MariaDbValueObject.java, old_lines=[1144], new_lines=[1362], category=ONE_TO_ONE)",6,2,2,46
"Diff(project=mariadb-corporation/mariadb-connector-j, old_sha=12d22ecc962e410d9c5f3bc2650fc43a7c8d1886, new_sha=2065a1a95638a142a5d696ad9f9da5d308204201, old_path=src/main/java/org/mariadb/jdbc/internal/io/output/AbstractPacketOutputStream.java, new_path=src/main/java/org/mariadb/jdbc/internal/io/output/AbstractPacketOutputStream.java, old_lines=[397], new_lines=[399], category=ONE_TO_ONE)",3,1,1,27
"Diff(project=mariadb-corporation/mariadb-connector-j, old_sha=83fdfc0343d25613d3df11a95c08096955c37068, new_sha=6aa4782ae9205abb0e40ad80b39b29144b697fd9, old_path=src/main/java/org/mariadb/jdbc/internal/com/read/resultset/SelectResultSet.java, new_path=src/main/java/org/mariadb/jdbc/internal/com/read/resultset/SelectResultSet.java, old_lines=[512], new_lines=[478], category=ONE_TO_ONE)",19,5,4,119
"Diff(project=mariadb-corporation/mariadb-connector-j, old_sha=43de4520ecbd716a97afd44b7d57f99d917b429d, new_sha=9494c97670d2b3f2f86494f0cfc5642daffcc381, old_path=src/main/java/org/mariadb/jdbc/internal/queryresults/MariaDbValueObject.java, new_path=src/main/java/org/mariadb/jdbc/internal/queryresults/MariaDbValueObject.java, old_lines=[448], new_lines=[591], category=ONE_TO_ONE)",6,1,1,46
"Diff(project=mariadb-corporation/mariadb-connector-j, old_sha=43de4520ecbd716a97afd44b7d57f99d917b429d, new_sha=9494c97670d2b3f2f86494f0cfc5642daffcc381, old_path=src/main/java/org/mariadb/jdbc/internal/queryresults/MariaDbValueObject.java, new_path=src/main/java/org/mariadb/jdbc/internal/queryresults/MariaDbValueObject.java, old_lines=[515], new_lines=[716], category=ONE_TO_ONE)",6,0,0,46
"Diff(project=mariadb-corporation/mariadb-connector-j, old_sha=237d3935ff394f98821b49679d3e2b53312406b3, new_sha=a5b818768bc08595bf6eab6b2388ae48a8362eb5, old_path=src/main/java/org/mariadb/jdbc/MariaDbResultSetMetaData.java, new_path=src/main/java/org/mariadb/jdbc/MariaDbResultSetMetaData.java, old_lines=[281], new_lines=[282], category=ONE_TO_ONE)",9,3,2,390
"Diff(project=mariadb-corporation/mariadb-connector-j, old_sha=237d3935ff394f98821b49679d3e2b53312406b3, new_sha=a5b818768bc08595bf6eab6b2388ae48a8362eb5, old_path=src/main/java/org/mariadb/jdbc/MariaDbResultSetMetaData.java, new_path=src/main/java/org/mariadb/jdbc/MariaDbResultSetMetaData.java, old_lines=[287], new_lines=[288], category=ONE_TO_ONE)",9,3,2,390
"Diff(project=mariadb-corporation/mariadb-connector-j, old_sha=237d3935ff394f98821b49679d3e2b53312406b3, new_sha=a5b818768bc08595bf6eab6b2388ae48a8362eb5, old_path=src/main/java/org/mariadb/jdbc/internal/protocol/AbstractConnectProtocol.java, new_path=src/main/java/org/mariadb/jdbc/internal/protocol/AbstractConnectProtocol.java, old_lines=[1029], new_lines=[1237], category=ONE_TO_ONE)",66,2,2,345
"Diff(project=mariadb-corporation/mariadb-connector-j, old_sha=308dd9d7c917dc816d81e20f7fd2261ee785e68d, new_sha=03409c7efcbd1b31b7a59d32b16ca940a26f0238, old_path=src/main/java/org/mariadb/jdbc/UrlParser.java, new_path=src/main/java/org/mariadb/jdbc/UrlParser.java, old_lines=[171], new_lines=[171], category=ONE_TO_ONE)",20,4,3,677
"Diff(project=mariadb-corporation/mariadb-connector-j, old_sha=afb7cbd9b05de11a5c1e14f36ab1289589295be4, new_sha=2a5d9ddf2f7a94ab0758cb074094060edbe4389d, old_path=src/main/java/org/mariadb/jdbc/MariaDbClob.java, new_path=src/main/java/org/mariadb/jdbc/MariaDbClob.java, old_lines=[106], new_lines=[150], category=ONE_TO_ONE)",4,1,1,355
"Diff(project=mariadb-corporation/mariadb-connector-j, old_sha=1d831664f7d871ccd871fb9b2137ce3cd3421c4d, new_sha=3d4586a28c4d9b7596915f0839c220df127a4817, old_path=src/main/java/org/mariadb/jdbc/internal/util/Utils.java, new_path=src/main/java/org/mariadb/jdbc/internal/util/Utils.java, old_lines=[335], new_lines=[396], category=ONE_TO_ONE)",6,1,1,27
"Diff(project=augustd/burp-suite-utils, old_sha=bc54876a1a2ac3cef7df7be4532716d4cbc245ca, new_sha=122544bd971caa5e3e5de25a5c1eada44e1c809e, old_path=src/main/java/com/codemagi/burp/parser/HttpRequest.java, new_path=src/main/java/com/codemagi/burp/parser/HttpRequest.java, old_lines=[267], new_lines=[296], category=ONE_TO_ONE)",2,0,0,10
"Diff(project=openskynetwork/java-adsb, old_sha=4a6b9121c8ea741ee9c706840a5c319d3bbe5c0b, new_sha=4127fa1ff2b6325223c7c7dd181aa9eaecff73fb, old_path=src/main/java/org/opensky/libadsb/msgs/AltitudeReply.java, new_path=src/main/java/org/opensky/libadsb/msgs/AltitudeReply.java, old_lines=[190], new_lines=[190], category=ONE_TO_ONE)",11,3,3,99
"Diff(project=openskynetwork/java-adsb, old_sha=d24217f58c9bd2f103508627ed212ae46974ed6e, new_sha=caa67865f41ca9b779398e10393356b535487b3b, old_path=src/main/java/org/opensky/libadsb/msgs/AirspeedHeadingMsg.java, new_path=src/main/java/org/opensky/libadsb/msgs/AirspeedHeadingMsg.java, old_lines=[89], new_lines=[89], category=ONE_TO_ONE)",15,7,6,150
"Diff(project=openskynetwork/java-adsb, old_sha=6cfa75dabcdcaa861949cbb45d188fc83f06c5f7, new_sha=01a388425ba74debfda5c3a0b9bc3363466014b2, old_path=src/main/java/org/opensky/libadsb/msgs/LongACAS.java, new_path=src/main/java/org/opensky/libadsb/msgs/LongACAS.java, old_lines=[84], new_lines=[84], category=ONE_TO_ONE)",7,2,2,83
"Diff(project=tecsinapse/tecsinapse-data-io, old_sha=2e4d6d2224cddbffc615c399fb5e6c9c1697199d, new_sha=749da0c60b062e36b4678c54d85722a2b9cd992f, old_path=src/main/java/br/com/tecsinapse/exporter/importer/CsvParser.java, new_path=src/main/java/br/com/tecsinapse/exporter/importer/CsvParser.java, old_lines=[92], new_lines=[90], category=ONE_TO_ONE)",11,2,2,87
"Diff(project=tecsinapse/tecsinapse-data-io, old_sha=c03a12c1270a90fa1341f702bd7031b30dbc0e6c, new_sha=b851fc5a021003eba71a1f1b0c3592476e27f3df, old_path=src/main/java/br/com/tecsinapse/exporter/importer/parser/CsvParser.java, new_path=src/main/java/br/com/tecsinapse/exporter/importer/parser/CsvParser.java, old_lines=[215], new_lines=[217], category=ONE_TO_ONE)",3,1,1,31
"Diff(project=mpatric/mp3agic, old_sha=2775548291ddef28d3661b1925fc146c0ca13cc4, new_sha=db5f86cde7a29c95fae2e3939d5fb0aeeab7eeba, old_path=src/main/java/com/mpatric/mp3agic/BufferTools.java, new_path=src/main/java/com/mpatric/mp3agic/BufferTools.java, old_lines=[93], new_lines=[93], category=ONE_TO_ONE)",8,0,0,63
"Diff(project=mpatric/mp3agic, old_sha=2775548291ddef28d3661b1925fc146c0ca13cc4, new_sha=db5f86cde7a29c95fae2e3939d5fb0aeeab7eeba, old_path=src/main/java/com/mpatric/mp3agic/BufferTools.java, new_path=src/main/java/com/mpatric/mp3agic/BufferTools.java, old_lines=[103], new_lines=[103], category=ONE_TO_ONE)",8,0,0,63
"Diff(project=mpatric/mp3agic, old_sha=e9ea8d3abd372864277262af41c9afdfd9e59deb, new_sha=b530b5e05e9bd2496ad9a42326191aeca762e577, old_path=src/main/java/com/mpatric/mp3agic/AbstractID3v2Tag.java, new_path=src/main/java/com/mpatric/mp3agic/AbstractID3v2Tag.java, old_lines=[253], new_lines=[253], category=ONE_TO_ONE)",9,1,1,28
"Diff(project=rpau/javalang, old_sha=94c9ab4f3a411125d0769c0c18ed8f130922c973, new_sha=16a3201992478a745239955ad393839b1a19ee0f, old_path=src/main/java/org/walkmod/javalang/ASTParserTokenManager.java, new_path=src/main/java/org/walkmod/javalang/ASTParserTokenManager.java, old_lines=[392], new_lines=[394], category=ONE_TO_ONE)",0,0,0,3
"Diff(project=rpau/javalang, old_sha=94c9ab4f3a411125d0769c0c18ed8f130922c973, new_sha=16a3201992478a745239955ad393839b1a19ee0f, old_path=src/main/java/org/walkmod/javalang/ASTParserTokenManager.java, new_path=src/main/java/org/walkmod/javalang/ASTParserTokenManager.java, old_lines=[467], new_lines=[469], category=ONE_TO_ONE)",0,0,0,3
"Diff(project=w3c/epubcheck, old_sha=ccfcaf6d0b457eea1aee480264505bfd3439bddc, new_sha=cd5beb46dbbf4a76d072ecbf2f376c7d402a18aa, old_path=src/main/java/com/adobe/epubcheck/ctc/EpubExtLinksCheck.java, new_path=src/main/java/com/adobe/epubcheck/ctc/EpubExtLinksCheck.java, old_lines=[69], new_lines=[69], category=ONE_TO_ONE)",7,6,6,298
"Diff(project=w3c/epubcheck, old_sha=3d4ca3dd71fb56770b35646dcd74539ed4e226a1, new_sha=8ee1efadfd03e137f66be8f80b6185ec6684260b, old_path=src/main/java/com/adobe/epubcheck/opf/XRefChecker.java, new_path=src/main/java/com/adobe/epubcheck/opf/XRefChecker.java, old_lines=[270], new_lines=[244], category=ONE_TO_ONE)",8,5,5,112
"Diff(project=venkatramanm/common, old_sha=5beb91579bb771e9f2a31c5c8fef22e25a2b0eb0, new_sha=e7275ae2c32903ccaea9f49e355e16e0d2f15911, old_path=src/main/java/com/venky/core/util/pkg/JarIntrospector.java, new_path=src/main/java/com/venky/core/util/pkg/JarIntrospector.java, old_lines=[24], new_lines=[24], category=ONE_TO_ONE)",3,3,3,133
"Diff(project=wmixvideo/nfe, old_sha=bbcb684a5e14b0d3a587790b6db72fefb28fa20a, new_sha=eb3a6673cd94b635380da6d0092b1a6a2fc5b91a, old_path=src/main/java/com/fincatto/documentofiscal/validadores/XMLValidador.java, new_path=src/main/java/com/fincatto/documentofiscal/validadores/XMLValidador.java, old_lines=[60], new_lines=[60], category=ONE_TO_ONE)",3,2,2,104
"Diff(project=wmixvideo/nfe, old_sha=fac4e5b0e1e3b4ff227708b0f85a3cbae9b84625, new_sha=cef9273fcc39b365f29b7bf55c80a38132026c12, old_path=src/main/java/com/fincatto/documentofiscal/validadores/DFXMLValidador.java, new_path=src/main/java/com/fincatto/documentofiscal/validadores/DFXMLValidador.java, old_lines=[32], new_lines=[32], category=ONE_TO_ONE)",11,4,4,74
"Diff(project=bramp/ffmpeg-cli-wrapper, old_sha=23b277db8af5b76bccfc4ad86f84d90e0797657b, new_sha=16d3bbbb1090bd8c2dd5700d70c795ca1691946b, old_path=src/main/java/net/bramp/ffmpeg/nut/MainHeaderPacket.java, new_path=src/main/java/net/bramp/ffmpeg/nut/MainHeaderPacket.java, old_lines=[57], new_lines=[58], category=ONE_TO_ONE)",5,4,4,95
"Diff(project=TakahikoKawasaki/nv-websocket-client, old_sha=fb5c89020ceb13d0dd6301fbded961355d7325a8, new_sha=ea19d4f7c022cb38a1810c7b6390f13e596b9b6a, old_path=src/main/java/com/neovisionaries/ws/client/WebSocketInputStream.java, new_path=src/main/java/com/neovisionaries/ws/client/WebSocketInputStream.java, old_lines=[126], new_lines=[126], category=ONE_TO_ONE)",5,1,1,131
"Diff(project=ThreeTen/threeten-extra, old_sha=9199231f3d3924c4672f0d3288b78e718f25b8b7, new_sha=467cd401e0a40938b0b07ae9e5717dfda1f50fda, old_path=src/main/java/org/threeten/extra/Months.java, new_path=src/main/java/org/threeten/extra/Months.java, old_lines=[210], new_lines=[210], category=ONE_TO_ONE)",14,3,1,113
"Diff(project=soulgalore/crawler, old_sha=779c88ff12826b6761cf78605ca9b9bb6c45d31f, new_sha=92639274d8712ddf659ab0a649746942ab77d7fc, old_path=src/main/java/com/soulgalore/crawler/util/AuthUtil.java, new_path=src/main/java/com/soulgalore/crawler/util/AuthUtil.java, old_lines=[40], new_lines=[40], category=ONE_TO_ONE)",1,1,1,23
"Diff(project=icode/ameba, old_sha=1f9fd98273ace78d95ed6f7c227bbdc29ebb164d, new_sha=7f92e990d9a0056b94c3c86ef48f6213b5372adb, old_path=src/main/java/ameba/db/ebean/EbeanUtils.java, new_path=src/main/java/ameba/db/ebean/EbeanUtils.java, old_lines=[136], new_lines=[136], category=ONE_TO_ONE)",23,13,11,361
"Diff(project=PinaeOS/nala, old_sha=9706e44e9097149e44a2f9784373a67c81d7d087, new_sha=34836727a3bfd2842f82c4f914e6fab1b8a51430, old_path=src/main/java/org/pinae/nala/xb/marshal/parser/DefaultObjectParser.java, new_path=src/main/java/org/pinae/nala/xb/marshal/parser/DefaultObjectParser.java, old_lines=[64], new_lines=[64], category=ONE_TO_ONE)",5,4,3,34
"Diff(project=netceteragroup/trema-core, old_sha=c2711d068831ecb844e792e2a7468fb9d8a010fe, new_sha=17fd5a45b5fdf8cfc3320baaae3eeb37098a3c0e, old_path=src/main/java/com/netcetera/trema/core/exporting/AndroidExporter.java, new_path=src/main/java/com/netcetera/trema/core/exporting/AndroidExporter.java, old_lines=[98], new_lines=[97], category=ONE_TO_ONE)",1,1,1,11
"Diff(project=rythmengine/rythmengine, old_sha=16145557709ee59b3d73cfe1cdc6e4a7e1478908, new_sha=807ee82a16c2ef33d58f40ab72df81af285e59c7, old_path=src/main/java/com/greenlaw110/rythm/internal/parser/build_in/ImportParser.java, new_path=src/main/java/com/greenlaw110/rythm/internal/parser/build_in/ImportParser.java, old_lines=[71], new_lines=[71], category=ONE_TO_ONE)",-1,-1,-1,306
"Diff(project=ixa-ehu/ixa-pipe-nerc, old_sha=d8ea97c138e253b685b0d11e7fedef468d50a4a9, new_sha=7ad2a2f4e25c62b7863642dfabb7a270acbe7d36, old_path=src/main/java/es/ehu/si/ixa/ixa/pipe/nerc/dict/MFSResource.java, new_path=src/main/java/es/ehu/si/ixa/ixa/pipe/nerc/dict/MFSResource.java, old_lines=[106], new_lines=[106], category=ONE_TO_ONE)",2,1,1,7
"Diff(project=julianhyde/sqlline, old_sha=87a8e4fc2fb34cad74123a2c8d63d25bc9f106b1, new_sha=1800dee215496583019bdc3ddb7f840e79012373, old_path=src/main/java/sqlline/Commands.java, new_path=src/main/java/sqlline/Commands.java, old_lines=[321], new_lines=[321], category=ONE_TO_ONE)",0,0,0,4
"Diff(project=julianhyde/sqlline, old_sha=87a8e4fc2fb34cad74123a2c8d63d25bc9f106b1, new_sha=1800dee215496583019bdc3ddb7f840e79012373, old_path=src/main/java/sqlline/SqlLine.java, new_path=src/main/java/sqlline/SqlLine.java, old_lines=[1506], new_lines=[1506], category=ONE_TO_ONE)",55,1,1,131
"Diff(project=julianhyde/sqlline, old_sha=de5fe731a9d3f96905aec145063d8e53ca2519c7, new_sha=bc8bb995d123553d85335ea3962b5cc4cbdf2e11, old_path=src/main/java/sqlline/SqlLine.java, new_path=src/main/java/sqlline/SqlLine.java, old_lines=[344], new_lines=[347], category=ONE_TO_ONE)",78,16,15,184
"Diff(project=zhegexiaohuozi/JsoupXpath, old_sha=fc3084f7eb08a53fa5296c617d8c084e82799cdc, new_sha=6a4b51df520bdb85fc8fe277d1b83d6b7c74d459, old_path=src/main/java/cn/wanghaomiao/xpath/core/XpathEvaluator.java, new_path=src/main/java/cn/wanghaomiao/xpath/core/XpathEvaluator.java, old_lines=[32], new_lines=[32], category=ONE_TO_ONE)",8,2,2,16
"Diff(project=mp911de/logstash-gelf, old_sha=534b1ad24e043300b3bf4a4e97354ffc2446fb43, new_sha=0878e9503d46a304adb266492cf233e6464d330e, old_path=src/main/java/biz/paluch/logging/gelf/intern/sender/QueryStringParser.java, new_path=src/main/java/biz/paluch/logging/gelf/intern/sender/QueryStringParser.java, old_lines=[118], new_lines=[122], category=ONE_TO_ONE)",0,0,0,22
"Diff(project=Esri/geometry-api-java, old_sha=2407d0b1e3149445f7cee7abe9761fe0109c51d4, new_sha=f68c2413d6a1849238a71d59741f9667e98a1924, old_path=src/main/java/com/esri/core/geometry/OperatorExportToWkbLocal.java, new_path=src/main/java/com/esri/core/geometry/OperatorExportToWkbLocal.java, old_lines=[173], new_lines=[173], category=ONE_TO_ONE)",1,0,0,20
"Diff(project=jeremiehuchet/nominatim-java-api, old_sha=1b80daad1844bdc3a2b7169612a106ec5fe94b64, new_sha=98e4554034c17c7a8f5c1bb3af86fa81205d83da, old_path=src/main/java/fr/dudie/nominatim/client/JsonNominatimClient.java, new_path=src/main/java/fr/dudie/nominatim/client/JsonNominatimClient.java, old_lines=[164], new_lines=[164], category=ONE_TO_ONE)",8,2,2,18
"Diff(project=spotify/crtauth-java, old_sha=a4f1f3c6d9510e7f0bd288133a55e1367b28a243, new_sha=a248b6c3fcc89d416a547b60c24bb2b25a2f8faf, old_path=src/main/java/com/spotify/crtauth/utils/TraditionalKeyParser.java, new_path=src/main/java/com/spotify/crtauth/utils/TraditionalKeyParser.java, old_lines=[114], new_lines=[113], category=ONE_TO_ONE)",0,0,0,1
"Diff(project=proxyee-down-org/pdown-core, old_sha=7d1c99a8d1010690d3a1c0bb8214ee587d1b5ef8, new_sha=4d2f2363e4c4318a6b0ea37c4d943fdf24ee310e, old_path=src/main/java/org/pdown/core/boot/HttpDownBootstrap.java, new_path=src/main/java/org/pdown/core/boot/HttpDownBootstrap.java, old_lines=[673], new_lines=[675], category=ONE_TO_ONE)",0,0,0,3
"Diff(project=steveohara/j2mod, old_sha=9312a2984fcfa73e8c3c7f9a4f2c88287fcd5b78, new_sha=f7c883f7391c10ade153f8b6d734cd86b696d4a9, old_path=src/main/java/com/ghgande/j2mod/modbus/msg/ReadCoilsRequest.java, new_path=src/main/java/com/ghgande/j2mod/modbus/msg/ReadCoilsRequest.java, old_lines=[170], new_lines=[171], category=ONE_TO_ONE)",0,0,0,25
"Diff(project=steveohara/j2mod, old_sha=9312a2984fcfa73e8c3c7f9a4f2c88287fcd5b78, new_sha=f7c883f7391c10ade153f8b6d734cd86b696d4a9, old_path=src/main/java/com/ghgande/j2mod/modbus/msg/ReadCoilsRequest.java, new_path=src/main/java/com/ghgande/j2mod/modbus/msg/ReadCoilsRequest.java, old_lines=[172], new_lines=[173], category=ONE_TO_ONE)",0,0,0,25
"Diff(project=steveohara/j2mod, old_sha=9312a2984fcfa73e8c3c7f9a4f2c88287fcd5b78, new_sha=f7c883f7391c10ade153f8b6d734cd86b696d4a9, old_path=src/main/java/com/ghgande/j2mod/modbus/msg/ReadInputDiscretesRequest.java, new_path=src/main/java/com/ghgande/j2mod/modbus/msg/ReadInputDiscretesRequest.java, old_lines=[171], new_lines=[174], category=ONE_TO_ONE)",1,0,0,25
"Diff(project=steveohara/j2mod, old_sha=9312a2984fcfa73e8c3c7f9a4f2c88287fcd5b78, new_sha=f7c883f7391c10ade153f8b6d734cd86b696d4a9, old_path=src/main/java/com/ghgande/j2mod/modbus/msg/ReadInputDiscretesRequest.java, new_path=src/main/java/com/ghgande/j2mod/modbus/msg/ReadInputDiscretesRequest.java, old_lines=[173], new_lines=[176], category=ONE_TO_ONE)",1,0,0,25
"Diff(project=steveohara/j2mod, old_sha=9312a2984fcfa73e8c3c7f9a4f2c88287fcd5b78, new_sha=f7c883f7391c10ade153f8b6d734cd86b696d4a9, old_path=src/main/java/com/ghgande/j2mod/modbus/procimg/ObservableRegister.java, new_path=src/main/java/com/ghgande/j2mod/modbus/procimg/ObservableRegister.java, old_lines=[60], new_lines=[68], category=ONE_TO_ONE)",3,2,1,116
"Diff(project=c-rack/cbor-java, old_sha=2e1dd7ee4860c544205494fd6bd6c35122710291, new_sha=361c1e1a7572a2cd899c21b8b72649de8f2d56d1, old_path=src/main/java/co/nstant/in/cbor/decoder/DoublePrecisionFloatDecoder.java, new_path=src/main/java/co/nstant/in/cbor/decoder/DoublePrecisionFloatDecoder.java, old_lines=[20], new_lines=[20], category=ONE_TO_ONE)",1,1,1,48
"Diff(project=c-rack/cbor-java, old_sha=2e1dd7ee4860c544205494fd6bd6c35122710291, new_sha=361c1e1a7572a2cd899c21b8b72649de8f2d56d1, old_path=src/main/java/co/nstant/in/cbor/decoder/SinglePrecisionFloatDecoder.java, new_path=src/main/java/co/nstant/in/cbor/decoder/SinglePrecisionFloatDecoder.java, old_lines=[20], new_lines=[20], category=ONE_TO_ONE)",1,1,1,48
"Diff(project=codeprimate-software/cp-elements, old_sha=b0cf5ec37ec557cfea8061a92cf9af7f25402ba8, new_sha=6dc56bb9cb9232403ba3abb50522ed63727c3a95, old_path=src/main/java/org/cp/elements/io/FileSystemUtils.java, new_path=src/main/java/org/cp/elements/io/FileSystemUtils.java, old_lines=[196], new_lines=[216], category=ONE_TO_ONE)",18,5,4,1877
"Diff(project=codeprimate-software/cp-elements, old_sha=d5b6682b80601e9f928b6e32e30214a7dce0f5ca, new_sha=fc4f6eeae846d1353fc8a134d15bafa9e16be430, old_path=src/main/java/org/cp/elements/data/struct/BloomFilter.java, new_path=src/main/java/org/cp/elements/data/struct/BloomFilter.java, old_lines=[162], new_lines=[192], category=ONE_TO_ONE)",7,3,2,11
"Diff(project=bazaarvoice/rison, old_sha=956df803194ef52d80e4e33103298ee7986d92d0, new_sha=95565149491b97ace1d0a7cc615f8a0f41e64355, old_path=src/main/java/com/bazaarvoice/jackson/rison/RisonGenerator.java, new_path=src/main/java/com/bazaarvoice/jackson/rison/RisonGenerator.java, old_lines=[1007], new_lines=[1012], category=ONE_TO_ONE)",4,0,0,6
"Diff(project=PistoiaHELM/HELMNotationParser, old_sha=5473cdb8466615522534566596d7b1d1e7c42629, new_sha=61a6e3940c39e4dd374831c2718f57f0c1b6d40e, old_path=src/main/java/org/helm/notation2/parser/notation/connection/ConnectionNotation.java, new_path=src/main/java/org/helm/notation2/parser/notation/connection/ConnectionNotation.java, old_lines=[277], new_lines=[279], category=ONE_TO_ONE)",2,1,1,13
"Diff(project=VerbalExpressions/JavaVerbalExpressions, old_sha=8d5949499c77ff1a053375bbd66811ddadc8a93f, new_sha=0ae8ff3737abf565ab81847a1bb7898df2b2fb0f, old_path=src/main/java/ru/lanwen/verbalregex/VerbalExpression.java, new_path=src/main/java/ru/lanwen/verbalregex/VerbalExpression.java, old_lines=[396], new_lines=[420], category=ONE_TO_ONE)",1,1,1,2
"Diff(project=tcurdt/jdeb, old_sha=8e48e789ea23f0b28292e3a70a99f983a937657f, new_sha=d78b6f68a0eb0f47978151188ab3f2e3ea3d50bf, old_path=src/main/java/org/vafer/jdeb/signing/SigningUtils.java, new_path=src/main/java/org/vafer/jdeb/signing/SigningUtils.java, old_lines=[117], new_lines=[117], category=ONE_TO_ONE)",9,2,2,121
"Diff(project=jfinal/jfinal, old_sha=b948fed63e686e88dd35e4b96d64d603b6894527, new_sha=afe2e834d9a3d54bf0f8851c0babb92fee8bdc61, old_path=src/main/java/com/jfinal/render/RedirectRender.java, new_path=src/main/java/com/jfinal/render/RedirectRender.java, old_lines=[59], new_lines=[59], category=ONE_TO_ONE)",16,7,7,1337
"Diff(project=jfinal/jfinal, old_sha=0e4513fba7ed5be1fc205af33ad8e1cff7d4e3da, new_sha=3656dcfc65712ec1de068e9f1fd8cda4c4cc4459, old_path=src/main/java/com/jfinal/aop/Callback.java, new_path=src/main/java/com/jfinal/aop/Callback.java, old_lines=[90], new_lines=[90], category=ONE_TO_ONE)",2,1,1,192
"Diff(project=treasure-data/td-client-java, old_sha=5e838b9a6e90d9351687272cd20359758fff1592, new_sha=414e332910cdc36b4271414b1b482ebd3b9f8d43, old_path=src/main/java/com/treasure_data/client/HttpClientAdaptor.java, new_path=src/main/java/com/treasure_data/client/HttpClientAdaptor.java, old_lines=[776], new_lines=[776], category=ONE_TO_ONE)",29,4,4,392
"Diff(project=jmrozanec/cron-utils, old_sha=42f3d7290ebcf36fd01ebacddac3c1733ffb44c1, new_sha=20170ac6838e00b2201e2c829890c0222ad7e47c, old_path=src/main/java/com/cronutils/parser/FieldParser.java, new_path=src/main/java/com/cronutils/parser/FieldParser.java, old_lines=[214], new_lines=[218], category=ONE_TO_ONE)",7,1,1,95
"Diff(project=jmrozanec/cron-utils, old_sha=20170ac6838e00b2201e2c829890c0222ad7e47c, new_sha=0664a634a50b168fac9d69eacf371a545641deeb, old_path=src/main/java/com/cronutils/model/time/TimeNode.java, new_path=src/main/java/com/cronutils/model/time/TimeNode.java, old_lines=[71], new_lines=[72], category=ONE_TO_ONE)",11,3,2,225
"Diff(project=jmrozanec/cron-utils, old_sha=20170ac6838e00b2201e2c829890c0222ad7e47c, new_sha=0664a634a50b168fac9d69eacf371a545641deeb, old_path=src/main/java/com/cronutils/model/time/TimeNode.java, new_path=src/main/java/com/cronutils/model/time/TimeNode.java, old_lines=[76], new_lines=[77], category=ONE_TO_ONE)",0,0,0,94
"Diff(project=jmrozanec/cron-utils, old_sha=20170ac6838e00b2201e2c829890c0222ad7e47c, new_sha=0664a634a50b168fac9d69eacf371a545641deeb, old_path=src/main/java/com/cronutils/model/time/TimeNode.java, new_path=src/main/java/com/cronutils/model/time/TimeNode.java, old_lines=[100], new_lines=[101], category=ONE_TO_ONE)",0,0,0,94
"Diff(project=jmrozanec/cron-utils, old_sha=20170ac6838e00b2201e2c829890c0222ad7e47c, new_sha=0664a634a50b168fac9d69eacf371a545641deeb, old_path=src/main/java/com/cronutils/model/time/TimeNode.java, new_path=src/main/java/com/cronutils/model/time/TimeNode.java, old_lines=[110], new_lines=[111], category=ONE_TO_ONE)",0,0,0,94
"Diff(project=jmrozanec/cron-utils, old_sha=20170ac6838e00b2201e2c829890c0222ad7e47c, new_sha=0664a634a50b168fac9d69eacf371a545641deeb, old_path=src/main/java/com/cronutils/model/time/TimeNode.java, new_path=src/main/java/com/cronutils/model/time/TimeNode.java, old_lines=[115], new_lines=[116], category=ONE_TO_ONE)",0,0,0,94
"Diff(project=albfernandez/javadbf, old_sha=66f7f4d13c3b61d950d55ae2a472fda919a98856, new_sha=1358a7c5175bc42a7b4870254acbc781af7b4d97, old_path=src/main/java/com/linuxense/javadbf/DBFUtils.java, new_path=src/main/java/com/linuxense/javadbf/DBFUtils.java, old_lines=[420], new_lines=[418], category=ONE_TO_ONE)",7,2,2,27
"Diff(project=albfernandez/javadbf, old_sha=777217863a0c345f25e6002273afdc1569a93977, new_sha=fb73d6d72dc8e7183d548ac96a7d2571662aa3cf, old_path=src/main/java/com/linuxense/javadbf/DBFField.java, new_path=src/main/java/com/linuxense/javadbf/DBFField.java, old_lines=[210], new_lines=[210], category=ONE_TO_ONE)",12,5,2,122
"Diff(project=ixa-ehu/ixa-pipe-ml, old_sha=7d5f419b88a2e87967dcc3826e4800fe47139208, new_sha=71485c6043a3bab25a44550f4378a01134d784e8, old_path=src/main/java/eus/ixa/ixa/pipe/ml/features/SuffixFeatureGenerator.java, new_path=src/main/java/eus/ixa/ixa/pipe/ml/features/SuffixFeatureGenerator.java, old_lines=[32], new_lines=[36], category=ONE_TO_ONE)",1,1,1,156
"Diff(project=mangstadt/biweekly, old_sha=45b5afb84cc3506660a8696cd42afb02ad0e965a, new_sha=43532b417f12cfb94e020c5e6fccbf814fd45f87, old_path=src/main/java/biweekly/util/com/google/ical/values/DateValueImpl.java, new_path=src/main/java/biweekly/util/com/google/ical/values/DateValueImpl.java, old_lines=[65], new_lines=[71], category=ONE_TO_ONE)",3,1,1,118
"Diff(project=mangstadt/biweekly, old_sha=72a6f0d43c6a33d9900d3633b4569154fb6d520c, new_sha=ab9fee70be2dfd641d7b432bdb61a0f480627bff, old_path=src/main/java/biweekly/property/marshaller/FreeBusyMarshaller.java, new_path=src/main/java/biweekly/property/marshaller/FreeBusyMarshaller.java, old_lines=[79], new_lines=[81], category=ONE_TO_ONE)",0,0,0,30
"Diff(project=mangstadt/biweekly, old_sha=9ab92328af14b2a5ea630ff29dae5a59d2c27646, new_sha=d15bc699a7275318ba367fc3682d2e336806af04, old_path=src/main/java/biweekly/util/com/google/ical/compat/javautil/DateIteratorFactory.java, new_path=src/main/java/biweekly/util/com/google/ical/compat/javautil/DateIteratorFactory.java, old_lines=[154], new_lines=[154], category=ONE_TO_ONE)",4,4,3,123
"Diff(project=vlingo/xoom-actors, old_sha=ba56502cd7eb83593b0e73de3dcd0ea19f5ae6d6, new_sha=af31aa16aba3dfada95407615ef8d45ac0b91f74, old_path=src/main/java/io/vlingo/actors/ProxyGenerator.java, new_path=src/main/java/io/vlingo/actors/ProxyGenerator.java, old_lines=[175], new_lines=[175], category=ONE_TO_ONE)",27,7,7,482
"Diff(project=vlingo/xoom-actors, old_sha=ed27cc65e02636c2a5ea70d7ad0264d234fdd616, new_sha=f16ff61e8126baf472ed38a92165ce0231b2720a, old_path=src/main/java/io/vlingo/actors/proxy/ProxyGenerator.java, new_path=src/main/java/io/vlingo/actors/proxy/ProxyGenerator.java, old_lines=[168], new_lines=[166], category=ONE_TO_ONE)",4,2,2,533
"Diff(project=lightoze/gwt-i18n-server, old_sha=7f6796d5da0abf4f68d2246b600760cb46338a79, new_sha=0d6e7904a0aadd35cf51822eab6f6d7f394cec88, old_path=src/main/java/com/teklabs/gwt/i18n/server/ConstantsProxy.java, new_path=src/main/java/com/teklabs/gwt/i18n/server/ConstantsProxy.java, old_lines=[35], new_lines=[35], category=ONE_TO_ONE)",0,0,0,2
"Diff(project=mjdbc/mjdbc, old_sha=96f9b4408f79fcada01da217a3ad8e3bceee89ef, new_sha=925efe3c322c63970a9ce941e65b10ecd813c666, old_path=src/main/java/mini/jdbc/DbStatement.java, new_path=src/main/java/mini/jdbc/DbStatement.java, old_lines=[210], new_lines=[215], category=ONE_TO_ONE)",5,2,1,71
"Diff(project=agapsys/console-utils, old_sha=5f786afa1141f5ddb4e01083a2f36fa55cf4262f, new_sha=69cc123572b662b3274b612bdec8c31b41ed8dd4, old_path=src/main/java/com/agapsys/utils/console/printer/tables/Cell.java, new_path=src/main/java/com/agapsys/utils/console/printer/tables/Cell.java, old_lines=[39], new_lines=[41], category=ONE_TO_ONE)",3,1,1,12
"Diff(project=osglworks/java-tool, old_sha=37bf1ad39006d6dd3ca8009728a6ff01f6a0f833, new_sha=c313160d23d0f16bc702e8610168a0aa53cfbb82, old_path=src/main/java/org/osgl/util/DataMapper.java, new_path=src/main/java/org/osgl/util/DataMapper.java, old_lines=[928], new_lines=[940], category=ONE_TO_ONE)",11,2,2,88
"Diff(project=luhuiguo/chinese-utils, old_sha=1eba50292d82f9a6ca2c9dce7df4f3b91895e26c, new_sha=a11963b1170e0d483f771e7dae5b00cd379e3ea3, old_path=src/main/java/com/luhuiguo/chinese/Converter.java, new_path=src/main/java/com/luhuiguo/chinese/Converter.java, old_lines=[93], new_lines=[97], category=ONE_TO_ONE)",2,0,0,5
"Diff(project=luhuiguo/chinese-utils, old_sha=1eba50292d82f9a6ca2c9dce7df4f3b91895e26c, new_sha=a11963b1170e0d483f771e7dae5b00cd379e3ea3, old_path=src/main/java/com/luhuiguo/chinese/pinyin/Pinyin.java, new_path=src/main/java/com/luhuiguo/chinese/pinyin/Pinyin.java, old_lines=[85], new_lines=[99], category=ONE_TO_ONE)",1,1,1,2
"Diff(project=future-architect/uroborosql, old_sha=3394c551f35b63ced347ddd40fc3ad88a0e9ff63, new_sha=f85a75d066d193e9c42caa8b707b19e35bf2319b, old_path=src/main/java/jp/co/future/uroborosql/AbstractAgent.java, new_path=src/main/java/jp/co/future/uroborosql/AbstractAgent.java, old_lines=[168], new_lines=[133], category=ONE_TO_ONE)",36,5,6,142
"Diff(project=mwanji/toml4j, old_sha=8388e394ed790373ae78fb34b122e3bedef93762, new_sha=96220b7a88daacfbe0b8a0316d4c9eaf3fa5a735, old_path=src/main/java/com/moandjiezana/toml/StringConverter.java, new_path=src/main/java/com/moandjiezana/toml/StringConverter.java, old_lines=[37], new_lines=[36], category=ONE_TO_ONE)",6,1,1,74
"Diff(project=mwanji/toml4j, old_sha=be85328555c9d6cbf0147e8716d8093a5643aefe, new_sha=ca7fcc766b303fdb4a31ff59eb082dc30b61bc74, old_path=src/main/java/com/moandjiezana/toml/Identifier.java, new_path=src/main/java/com/moandjiezana/toml/Identifier.java, old_lines=[105], new_lines=[104], category=ONE_TO_ONE)",6,3,3,71
"Diff(project=mwanji/toml4j, old_sha=d32ead52d48bbc83f942ae385bbb1fcfc034cdb2, new_sha=c0e78db681e7a02e488381f84254a86915d528ef, old_path=src/main/java/com/moandjiezana/toml/DateConverter.java, new_path=src/main/java/com/moandjiezana/toml/DateConverter.java, old_lines=[37], new_lines=[71], category=ONE_TO_ONE)",8,1,1,99
"Diff(project=sigopt/sigopt-java, old_sha=fd8b3fd6deea59ba41fc15e8c39a5bb692c150dd, new_sha=8c0915aa12e84e614f920bd53ef73ee008e9faaf, old_path=src/main/java/com/sigopt/net/PathBuilder.java, new_path=src/main/java/com/sigopt/net/PathBuilder.java, old_lines=[23], new_lines=[22], category=ONE_TO_ONE)",2,1,0,64
"Diff(project=Bandwidth/java-bandwidth, old_sha=d5d21ce0faa500baa3c5ad89b7fe81ec438f7428, new_sha=2f8477f5a244554cae5db9ba3bbe44ef53124a9b, old_path=src/main/java/com/bandwidth/sdk/BandwidthRestClient.java, new_path=src/main/java/com/bandwidth/sdk/BandwidthRestClient.java, old_lines=[26], new_lines=[30], category=ONE_TO_ONE)",15,4,4,27
"Diff(project=Bandwidth/java-bandwidth, old_sha=2f8477f5a244554cae5db9ba3bbe44ef53124a9b, new_sha=6c9ae9d15390c1085d56ccfeb65838b05a7f4603, old_path=src/main/java/com/bandwidth/sdk/BandwidthRestClient.java, new_path=src/main/java/com/bandwidth/sdk/BandwidthRestClient.java, old_lines=[30], new_lines=[31], category=ONE_TO_ONE)",15,4,4,27
"Diff(project=99soft/rocoto, old_sha=952ff2789d69513450ee9e904a1451046fe4c24b, new_sha=239a6c4d1ce814aca763fe5f3f903b6377f1bd3d, old_path=src/main/java/org/nnsoft/guice/rocoto/configuration/resolver/PropertiesResolverProvider.java, new_path=src/main/java/org/nnsoft/guice/rocoto/configuration/resolver/PropertiesResolverProvider.java, old_lines=[100], new_lines=[100], category=ONE_TO_ONE)",2,1,1,7
"Diff(project=joniles/mpxj, old_sha=69e3ed34f47fe45d054d59fe0a1d7b5443ad0b44, new_sha=7bbea33d3aab1fba75dd55112486bbf03aca5b27, old_path=src/main/java/net/sf/mpxj/primavera/ResultSetRow.java, new_path=src/main/java/net/sf/mpxj/primavera/ResultSetRow.java, old_lines=[166], new_lines=[166], category=ONE_TO_ONE)",0,0,0,1166
"Diff(project=joniles/mpxj, old_sha=1a45d06eeb58967e7615679405e94341ab8193aa, new_sha=b7e9556e63e30a22ab04e79b3d944050483371b5, old_path=src/main/java/net/sf/mpxj/json/JsonWriter.java, new_path=src/main/java/net/sf/mpxj/json/JsonWriter.java, old_lines=[439], new_lines=[439], category=ONE_TO_ONE)",0,5,5,514
"Diff(project=twilio/twilio-java, old_sha=6bde6b44afc05124ce958ff244a25174fc3c293b, new_sha=a91fc14b6885362e8241aeb212d3725535580552, old_path=src/main/java/com/twilio/rest/accounts/v1/credential/AwsDeleter.java, new_path=src/main/java/com/twilio/rest/accounts/v1/credential/AwsDeleter.java, old_lines=[41], new_lines=[41], category=ONE_TO_ONE)",5,5,4,175
"Diff(project=twilio/twilio-java, old_sha=6bde6b44afc05124ce958ff244a25174fc3c293b, new_sha=a91fc14b6885362e8241aeb212d3725535580552, old_path=src/main/java/com/twilio/rest/accounts/v1/credential/AwsFetcher.java, new_path=src/main/java/com/twilio/rest/accounts/v1/credential/AwsFetcher.java, old_lines=[42], new_lines=[42], category=ONE_TO_ONE)",5,5,4,175
"Diff(project=twilio/twilio-java, old_sha=6bde6b44afc05124ce958ff244a25174fc3c293b, new_sha=a91fc14b6885362e8241aeb212d3725535580552, old_path=src/main/java/com/twilio/rest/accounts/v1/credential/AwsUpdater.java, new_path=src/main/java/com/twilio/rest/accounts/v1/credential/AwsUpdater.java, old_lines=[47], new_lines=[47], category=ONE_TO_ONE)",5,5,5,175
"Diff(project=twilio/twilio-java, old_sha=6bde6b44afc05124ce958ff244a25174fc3c293b, new_sha=a91fc14b6885362e8241aeb212d3725535580552, old_path=src/main/java/com/twilio/rest/accounts/v1/credential/PublicKeyDeleter.java, new_path=src/main/java/com/twilio/rest/accounts/v1/credential/PublicKeyDeleter.java, old_lines=[41], new_lines=[41], category=ONE_TO_ONE)",5,5,4,175
"Diff(project=twilio/twilio-java, old_sha=6bde6b44afc05124ce958ff244a25174fc3c293b, new_sha=a91fc14b6885362e8241aeb212d3725535580552, old_path=src/main/java/com/twilio/rest/accounts/v1/credential/PublicKeyFetcher.java, new_path=src/main/java/com/twilio/rest/accounts/v1/credential/PublicKeyFetcher.java, old_lines=[42], new_lines=[42], category=ONE_TO_ONE)",5,5,4,175
"Diff(project=twilio/twilio-java, old_sha=6bde6b44afc05124ce958ff244a25174fc3c293b, new_sha=a91fc14b6885362e8241aeb212d3725535580552, old_path=src/main/java/com/twilio/rest/accounts/v1/credential/PublicKeyUpdater.java, new_path=src/main/java/com/twilio/rest/accounts/v1/credential/PublicKeyUpdater.java, old_lines=[47], new_lines=[47], category=ONE_TO_ONE)",5,5,5,175
"Diff(project=twilio/twilio-java, old_sha=6bde6b44afc05124ce958ff244a25174fc3c293b, new_sha=a91fc14b6885362e8241aeb212d3725535580552, old_path=src/main/java/com/twilio/rest/api/v2010/AccountFetcher.java, new_path=src/main/java/com/twilio/rest/api/v2010/AccountFetcher.java, old_lines=[45], new_lines=[45], category=ONE_TO_ONE)",5,5,4,175
"Diff(project=twilio/twilio-java, old_sha=6bde6b44afc05124ce958ff244a25174fc3c293b, new_sha=a91fc14b6885362e8241aeb212d3725535580552, old_path=src/main/java/com/twilio/rest/api/v2010/AccountUpdater.java, new_path=src/main/java/com/twilio/rest/api/v2010/AccountUpdater.java, old_lines=[55], new_lines=[55], category=ONE_TO_ONE)",5,5,5,175
"Diff(project=twilio/twilio-java, old_sha=6bde6b44afc05124ce958ff244a25174fc3c293b, new_sha=a91fc14b6885362e8241aeb212d3725535580552, old_path=src/main/java/com/twilio/rest/autopilot/v1/AssistantDeleter.java, new_path=src/main/java/com/twilio/rest/autopilot/v1/AssistantDeleter.java, old_lines=[41], new_lines=[41], category=ONE_TO_ONE)",2,2,2,82
"Diff(project=twilio/twilio-java, old_sha=6bde6b44afc05124ce958ff244a25174fc3c293b, new_sha=a91fc14b6885362e8241aeb212d3725535580552, old_path=src/main/java/com/twilio/rest/autopilot/v1/AssistantFetcher.java, new_path=src/main/java/com/twilio/rest/autopilot/v1/AssistantFetcher.java, old_lines=[42], new_lines=[42], category=ONE_TO_ONE)",2,2,2,82
"Diff(project=twilio/twilio-java, old_sha=6bde6b44afc05124ce958ff244a25174fc3c293b, new_sha=a91fc14b6885362e8241aeb212d3725535580552, old_path=src/main/java/com/twilio/rest/autopilot/v1/AssistantUpdater.java, new_path=src/main/java/com/twilio/rest/autopilot/v1/AssistantUpdater.java, old_lines=[90], new_lines=[90], category=ONE_TO_ONE)",4,3,3,82
"Diff(project=twilio/twilio-java, old_sha=6bde6b44afc05124ce958ff244a25174fc3c293b, new_sha=a91fc14b6885362e8241aeb212d3725535580552, old_path=src/main/java/com/twilio/rest/bulkexports/v1/ExportConfigurationFetcher.java, new_path=src/main/java/com/twilio/rest/bulkexports/v1/ExportConfigurationFetcher.java, old_lines=[42], new_lines=[42], category=ONE_TO_ONE)",5,5,4,175
"Diff(project=twilio/twilio-java, old_sha=6bde6b44afc05124ce958ff244a25174fc3c293b, new_sha=a91fc14b6885362e8241aeb212d3725535580552, old_path=src/main/java/com/twilio/rest/bulkexports/v1/ExportConfigurationUpdater.java, new_path=src/main/java/com/twilio/rest/bulkexports/v1/ExportConfigurationUpdater.java, old_lines=[63], new_lines=[63], category=ONE_TO_ONE)",6,5,5,175
"Diff(project=twilio/twilio-java, old_sha=6bde6b44afc05124ce958ff244a25174fc3c293b, new_sha=a91fc14b6885362e8241aeb212d3725535580552, old_path=src/main/java/com/twilio/rest/bulkexports/v1/ExportFetcher.java, new_path=src/main/java/com/twilio/rest/bulkexports/v1/ExportFetcher.java, old_lines=[42], new_lines=[42], category=ONE_TO_ONE)",5,5,4,175
"Diff(project=twilio/twilio-java, old_sha=6bde6b44afc05124ce958ff244a25174fc3c293b, new_sha=a91fc14b6885362e8241aeb212d3725535580552, old_path=src/main/java/com/twilio/rest/bulkexports/v1/export/DayReader.java, new_path=src/main/java/com/twilio/rest/bulkexports/v1/export/DayReader.java, old_lines=[51], new_lines=[51], category=ONE_TO_ONE)",7,1,1,175
"Diff(project=twilio/twilio-java, old_sha=6bde6b44afc05124ce958ff244a25174fc3c293b, new_sha=a91fc14b6885362e8241aeb212d3725535580552, old_path=src/main/java/com/twilio/rest/bulkexports/v1/export/ExportCustomJobCreator.java, new_path=src/main/java/com/twilio/rest/bulkexports/v1/export/ExportCustomJobCreator.java, old_lines=[75], new_lines=[75], category=ONE_TO_ONE)",5,2,2,175
"Diff(project=twilio/twilio-java, old_sha=6bde6b44afc05124ce958ff244a25174fc3c293b, new_sha=a91fc14b6885362e8241aeb212d3725535580552, old_path=src/main/java/com/twilio/rest/bulkexports/v1/export/ExportCustomJobReader.java, new_path=src/main/java/com/twilio/rest/bulkexports/v1/export/ExportCustomJobReader.java, old_lines=[51], new_lines=[51], category=ONE_TO_ONE)",7,1,1,175
"Diff(project=twilio/twilio-java, old_sha=6bde6b44afc05124ce958ff244a25174fc3c293b, new_sha=a91fc14b6885362e8241aeb212d3725535580552, old_path=src/main/java/com/twilio/rest/bulkexports/v1/export/JobDeleter.java, new_path=src/main/java/com/twilio/rest/bulkexports/v1/export/JobDeleter.java, old_lines=[41], new_lines=[41], category=ONE_TO_ONE)",5,5,4,175
"Diff(project=twilio/twilio-java, old_sha=6bde6b44afc05124ce958ff244a25174fc3c293b, new_sha=a91fc14b6885362e8241aeb212d3725535580552, old_path=src/main/java/com/twilio/rest/bulkexports/v1/export/JobFetcher.java, new_path=src/main/java/com/twilio/rest/bulkexports/v1/export/JobFetcher.java, old_lines=[42], new_lines=[42], category=ONE_TO_ONE)",5,5,4,175
"Diff(project=twilio/twilio-java, old_sha=6bde6b44afc05124ce958ff244a25174fc3c293b, new_sha=a91fc14b6885362e8241aeb212d3725535580552, old_path=src/main/java/com/twilio/rest/chat/v1/CredentialDeleter.java, new_path=src/main/java/com/twilio/rest/chat/v1/CredentialDeleter.java, old_lines=[41], new_lines=[41], category=ONE_TO_ONE)",5,5,4,175
"Diff(project=twilio/twilio-java, old_sha=6bde6b44afc05124ce958ff244a25174fc3c293b, new_sha=a91fc14b6885362e8241aeb212d3725535580552, old_path=src/main/java/com/twilio/rest/chat/v1/CredentialFetcher.java, new_path=src/main/java/com/twilio/rest/chat/v1/CredentialFetcher.java, old_lines=[42], new_lines=[42], category=ONE_TO_ONE)",5,5,4,175
"Diff(project=twilio/twilio-java, old_sha=6bde6b44afc05124ce958ff244a25174fc3c293b, new_sha=a91fc14b6885362e8241aeb212d3725535580552, old_path=src/main/java/com/twilio/rest/chat/v1/CredentialUpdater.java, new_path=src/main/java/com/twilio/rest/chat/v1/CredentialUpdater.java, old_lines=[72], new_lines=[72], category=ONE_TO_ONE)",5,5,5,175
"Diff(project=twilio/twilio-java, old_sha=6bde6b44afc05124ce958ff244a25174fc3c293b, new_sha=a91fc14b6885362e8241aeb212d3725535580552, old_path=src/main/java/com/twilio/rest/chat/v1/ServiceDeleter.java, new_path=src/main/java/com/twilio/rest/chat/v1/ServiceDeleter.java, old_lines=[41], new_lines=[41], category=ONE_TO_ONE)",5,5,4,175
"Diff(project=twilio/twilio-java, old_sha=6bde6b44afc05124ce958ff244a25174fc3c293b, new_sha=a91fc14b6885362e8241aeb212d3725535580552, old_path=src/main/java/com/twilio/rest/chat/v1/ServiceFetcher.java, new_path=src/main/java/com/twilio/rest/chat/v1/ServiceFetcher.java, old_lines=[42], new_lines=[42], category=ONE_TO_ONE)",5,5,4,175
"Diff(project=twilio/twilio-java, old_sha=6bde6b44afc05124ce958ff244a25174fc3c293b, new_sha=a91fc14b6885362e8241aeb212d3725535580552, old_path=src/main/java/com/twilio/rest/chat/v1/ServiceUpdater.java, new_path=src/main/java/com/twilio/rest/chat/v1/ServiceUpdater.java, old_lines=[390], new_lines=[390], category=ONE_TO_ONE)",7,5,5,175
"Diff(project=twilio/twilio-java, old_sha=6bde6b44afc05124ce958ff244a25174fc3c293b, new_sha=a91fc14b6885362e8241aeb212d3725535580552, old_path=src/main/java/com/twilio/rest/chat/v1/service/ChannelCreator.java, new_path=src/main/java/com/twilio/rest/chat/v1/service/ChannelCreator.java, old_lines=[62], new_lines=[62], category=ONE_TO_ONE)",5,5,5,175
"Diff(project=twilio/twilio-java, old_sha=6bde6b44afc05124ce958ff244a25174fc3c293b, new_sha=a91fc14b6885362e8241aeb212d3725535580552, old_path=src/main/java/com/twilio/rest/chat/v1/service/ChannelReader.java, new_path=src/main/java/com/twilio/rest/chat/v1/service/ChannelReader.java, old_lines=[61], new_lines=[61], category=ONE_TO_ONE)",8,1,1,175
"Diff(project=twilio/twilio-java, old_sha=6bde6b44afc05124ce958ff244a25174fc3c293b, new_sha=a91fc14b6885362e8241aeb212d3725535580552, old_path=src/main/java/com/twilio/rest/chat/v1/service/RoleCreator.java, new_path=src/main/java/com/twilio/rest/chat/v1/service/RoleCreator.java, old_lines=[66], new_lines=[66], category=ONE_TO_ONE)",6,2,2,175
"Diff(project=twilio/twilio-java, old_sha=6bde6b44afc05124ce958ff244a25174fc3c293b, new_sha=a91fc14b6885362e8241aeb212d3725535580552, old_path=src/main/java/com/twilio/rest/chat/v1/service/RoleReader.java, new_path=src/main/java/com/twilio/rest/chat/v1/service/RoleReader.java, old_lines=[51], new_lines=[51], category=ONE_TO_ONE)",7,1,1,175
"Diff(project=twilio/twilio-java, old_sha=6bde6b44afc05124ce958ff244a25174fc3c293b, new_sha=a91fc14b6885362e8241aeb212d3725535580552, old_path=src/main/java/com/twilio/rest/chat/v1/service/UserCreator.java, new_path=src/main/java/com/twilio/rest/chat/v1/service/UserCreator.java, old_lines=[63], new_lines=[63], category=ONE_TO_ONE)",5,1,1,175
"Diff(project=twilio/twilio-java, old_sha=6bde6b44afc05124ce958ff244a25174fc3c293b, new_sha=a91fc14b6885362e8241aeb212d3725535580552, old_path=src/main/java/com/twilio/rest/chat/v1/service/UserReader.java, new_path=src/main/java/com/twilio/rest/chat/v1/service/UserReader.java, old_lines=[51], new_lines=[51], category=ONE_TO_ONE)",7,1,1,175
"Diff(project=twilio/twilio-java, old_sha=6bde6b44afc05124ce958ff244a25174fc3c293b, new_sha=a91fc14b6885362e8241aeb212d3725535580552, old_path=src/main/java/com/twilio/rest/chat/v2/CredentialDeleter.java, new_path=src/main/java/com/twilio/rest/chat/v2/CredentialDeleter.java, old_lines=[41], new_lines=[41], category=ONE_TO_ONE)",5,5,4,175
"Diff(project=twilio/twilio-java, old_sha=6bde6b44afc05124ce958ff244a25174fc3c293b, new_sha=a91fc14b6885362e8241aeb212d3725535580552, old_path=src/main/java/com/twilio/rest/chat/v2/CredentialFetcher.java, new_path=src/main/java/com/twilio/rest/chat/v2/CredentialFetcher.java, old_lines=[42], new_lines=[42], category=ONE_TO_ONE)",5,5,4,175
"Diff(project=twilio/twilio-java, old_sha=6bde6b44afc05124ce958ff244a25174fc3c293b, new_sha=a91fc14b6885362e8241aeb212d3725535580552, old_path=src/main/java/com/twilio/rest/chat/v2/CredentialUpdater.java, new_path=src/main/java/com/twilio/rest/chat/v2/CredentialUpdater.java, old_lines=[72], new_lines=[72], category=ONE_TO_ONE)",5,5,5,175
"Diff(project=twilio/twilio-java, old_sha=6bde6b44afc05124ce958ff244a25174fc3c293b, new_sha=a91fc14b6885362e8241aeb212d3725535580552, old_path=src/main/java/com/twilio/rest/chat/v2/ServiceDeleter.java, new_path=src/main/java/com/twilio/rest/chat/v2/ServiceDeleter.java, old_lines=[41], new_lines=[41], category=ONE_TO_ONE)",5,5,4,175
"Diff(project=twilio/twilio-java, old_sha=6bde6b44afc05124ce958ff244a25174fc3c293b, new_sha=a91fc14b6885362e8241aeb212d3725535580552, old_path=src/main/java/com/twilio/rest/chat/v2/ServiceFetcher.java, new_path=src/main/java/com/twilio/rest/chat/v2/ServiceFetcher.java, old_lines=[42], new_lines=[42], category=ONE_TO_ONE)",5,5,4,175
"Diff(project=twilio/twilio-java, old_sha=6bde6b44afc05124ce958ff244a25174fc3c293b, new_sha=a91fc14b6885362e8241aeb212d3725535580552, old_path=src/main/java/com/twilio/rest/chat/v2/ServiceUpdater.java, new_path=src/main/java/com/twilio/rest/chat/v2/ServiceUpdater.java, old_lines=[211], new_lines=[211], category=ONE_TO_ONE)",7,5,5,175
"Diff(project=twilio/twilio-java, old_sha=6bde6b44afc05124ce958ff244a25174fc3c293b, new_sha=a91fc14b6885362e8241aeb212d3725535580552, old_path=src/main/java/com/twilio/rest/chat/v2/service/BindingReader.java, new_path=src/main/java/com/twilio/rest/chat/v2/service/BindingReader.java, old_lines=[69], new_lines=[69], category=ONE_TO_ONE)",8,1,1,175
"Diff(project=twilio/twilio-java, old_sha=6bde6b44afc05124ce958ff244a25174fc3c293b, new_sha=a91fc14b6885362e8241aeb212d3725535580552, old_path=src/main/java/com/twilio/rest/chat/v2/service/ChannelCreator.java, new_path=src/main/java/com/twilio/rest/chat/v2/service/ChannelCreator.java, old_lines=[83], new_lines=[83], category=ONE_TO_ONE)",5,5,5,175
"Diff(project=twilio/twilio-java, old_sha=6bde6b44afc05124ce958ff244a25174fc3c293b, new_sha=a91fc14b6885362e8241aeb212d3725535580552, old_path=src/main/java/com/twilio/rest/chat/v2/service/ChannelReader.java, new_path=src/main/java/com/twilio/rest/chat/v2/service/ChannelReader.java, old_lines=[61], new_lines=[61], category=ONE_TO_ONE)",8,1,1,175
"Diff(project=twilio/twilio-java, old_sha=6bde6b44afc05124ce958ff244a25174fc3c293b, new_sha=a91fc14b6885362e8241aeb212d3725535580552, old_path=src/main/java/com/twilio/rest/chat/v2/service/RoleCreator.java, new_path=src/main/java/com/twilio/rest/chat/v2/service/RoleCreator.java, old_lines=[66], new_lines=[66], category=ONE_TO_ONE)",6,2,2,175
"Diff(project=twilio/twilio-java, old_sha=6bde6b44afc05124ce958ff244a25174fc3c293b, new_sha=a91fc14b6885362e8241aeb212d3725535580552, old_path=src/main/java/com/twilio/rest/chat/v2/service/RoleReader.java, new_path=src/main/java/com/twilio/rest/chat/v2/service/RoleReader.java, old_lines=[51], new_lines=[51], category=ONE_TO_ONE)",7,1,1,175
"Diff(project=twilio/twilio-java, old_sha=6bde6b44afc05124ce958ff244a25174fc3c293b, new_sha=a91fc14b6885362e8241aeb212d3725535580552, old_path=src/main/java/com/twilio/rest/chat/v2/service/UserCreator.java, new_path=src/main/java/com/twilio/rest/chat/v2/service/UserCreator.java, old_lines=[68], new_lines=[68], category=ONE_TO_ONE)",5,2,2,175
"Diff(project=twilio/twilio-java, old_sha=6bde6b44afc05124ce958ff244a25174fc3c293b, new_sha=a91fc14b6885362e8241aeb212d3725535580552, old_path=src/main/java/com/twilio/rest/chat/v2/service/UserReader.java, new_path=src/main/java/com/twilio/rest/chat/v2/service/UserReader.java, old_lines=[51], new_lines=[51], category=ONE_TO_ONE)",7,1,1,175
"Diff(project=twilio/twilio-java, old_sha=6bde6b44afc05124ce958ff244a25174fc3c293b, new_sha=a91fc14b6885362e8241aeb212d3725535580552, old_path=src/main/java/com/twilio/rest/conversations/v1/AddressConfigurationDeleter.java, new_path=src/main/java/com/twilio/rest/conversations/v1/AddressConfigurationDeleter.java, old_lines=[41], new_lines=[41], category=ONE_TO_ONE)",5,5,4,175
"Diff(project=twilio/twilio-java, old_sha=6bde6b44afc05124ce958ff244a25174fc3c293b, new_sha=a91fc14b6885362e8241aeb212d3725535580552, old_path=src/main/java/com/twilio/rest/conversations/v1/AddressConfigurationFetcher.java, new_path=src/main/java/com/twilio/rest/conversations/v1/AddressConfigurationFetcher.java, old_lines=[42], new_lines=[42], category=ONE_TO_ONE)",5,5,4,175
"Diff(project=twilio/twilio-java, old_sha=6bde6b44afc05124ce958ff244a25174fc3c293b, new_sha=a91fc14b6885362e8241aeb212d3725535580552, old_path=src/main/java/com/twilio/rest/conversations/v1/AddressConfigurationUpdater.java, new_path=src/main/java/com/twilio/rest/conversations/v1/AddressConfigurationUpdater.java, old_lines=[92], new_lines=[92], category=ONE_TO_ONE)",7,5,5,175
"Diff(project=twilio/twilio-java, old_sha=6bde6b44afc05124ce958ff244a25174fc3c293b, new_sha=a91fc14b6885362e8241aeb212d3725535580552, old_path=src/main/java/com/twilio/rest/conversations/v1/ConversationDeleter.java, new_path=src/main/java/com/twilio/rest/conversations/v1/ConversationDeleter.java, old_lines=[46], new_lines=[46], category=ONE_TO_ONE)",5,5,4,175
"Diff(project=twilio/twilio-java, old_sha=6bde6b44afc05124ce958ff244a25174fc3c293b, new_sha=a91fc14b6885362e8241aeb212d3725535580552, old_path=src/main/java/com/twilio/rest/conversations/v1/ConversationFetcher.java, new_path=src/main/java/com/twilio/rest/conversations/v1/ConversationFetcher.java, old_lines=[42], new_lines=[42], category=ONE_TO_ONE)",5,5,4,175
"Diff(project=twilio/twilio-java, old_sha=6bde6b44afc05124ce958ff244a25174fc3c293b, new_sha=a91fc14b6885362e8241aeb212d3725535580552, old_path=src/main/java/com/twilio/rest/conversations/v1/ConversationUpdater.java, new_path=src/main/java/com/twilio/rest/conversations/v1/ConversationUpdater.java, old_lines=[93], new_lines=[93], category=ONE_TO_ONE)",6,5,5,175
"Diff(project=twilio/twilio-java, old_sha=6bde6b44afc05124ce958ff244a25174fc3c293b, new_sha=a91fc14b6885362e8241aeb212d3725535580552, old_path=src/main/java/com/twilio/rest/conversations/v1/CredentialDeleter.java, new_path=src/main/java/com/twilio/rest/conversations/v1/CredentialDeleter.java, old_lines=[41], new_lines=[41], category=ONE_TO_ONE)",5,5,4,175
"Diff(project=twilio/twilio-java, old_sha=6bde6b44afc05124ce958ff244a25174fc3c293b, new_sha=a91fc14b6885362e8241aeb212d3725535580552, old_path=src/main/java/com/twilio/rest/conversations/v1/CredentialFetcher.java, new_path=src/main/java/com/twilio/rest/conversations/v1/CredentialFetcher.java, old_lines=[42], new_lines=[42], category=ONE_TO_ONE)",5,5,4,175
"Diff(project=twilio/twilio-java, old_sha=6bde6b44afc05124ce958ff244a25174fc3c293b, new_sha=a91fc14b6885362e8241aeb212d3725535580552, old_path=src/main/java/com/twilio/rest/conversations/v1/CredentialUpdater.java, new_path=src/main/java/com/twilio/rest/conversations/v1/CredentialUpdater.java, old_lines=[77], new_lines=[77], category=ONE_TO_ONE)",5,5,5,175
"Diff(project=twilio/twilio-java, old_sha=6bde6b44afc05124ce958ff244a25174fc3c293b, new_sha=a91fc14b6885362e8241aeb212d3725535580552, old_path=src/main/java/com/twilio/rest/conversations/v1/RoleDeleter.java, new_path=src/main/java/com/twilio/rest/conversations/v1/RoleDeleter.java, old_lines=[41], new_lines=[41], category=ONE_TO_ONE)",5,5,4,175
"Diff(project=twilio/twilio-java, old_sha=6bde6b44afc05124ce958ff244a25174fc3c293b, new_sha=a91fc14b6885362e8241aeb212d3725535580552, old_path=src/main/java/com/twilio/rest/conversations/v1/RoleFetcher.java, new_path=src/main/java/com/twilio/rest/conversations/v1/RoleFetcher.java, old_lines=[42], new_lines=[42], category=ONE_TO_ONE)",5,5,4,175
"Diff(project=twilio/twilio-java, old_sha=6bde6b44afc05124ce958ff244a25174fc3c293b, new_sha=a91fc14b6885362e8241aeb212d3725535580552, old_path=src/main/java/com/twilio/rest/conversations/v1/RoleUpdater.java, new_path=src/main/java/com/twilio/rest/conversations/v1/RoleUpdater.java, old_lines=[53], new_lines=[53], category=ONE_TO_ONE)",6,5,5,175
"Diff(project=twilio/twilio-java, old_sha=6bde6b44afc05124ce958ff244a25174fc3c293b, new_sha=a91fc14b6885362e8241aeb212d3725535580552, old_path=src/main/java/com/twilio/rest/conversations/v1/ServiceDeleter.java, new_path=src/main/java/com/twilio/rest/conversations/v1/ServiceDeleter.java, old_lines=[41], new_lines=[41], category=ONE_TO_ONE)",5,5,4,175
"Diff(project=twilio/twilio-java, old_sha=6bde6b44afc05124ce958ff244a25174fc3c293b, new_sha=a91fc14b6885362e8241aeb212d3725535580552, old_path=src/main/java/com/twilio/rest/conversations/v1/ServiceFetcher.java, new_path=src/main/java/com/twilio/rest/conversations/v1/ServiceFetcher.java, old_lines=[42], new_lines=[42], category=ONE_TO_ONE)",5,5,4,175
"Diff(project=twilio/twilio-java, old_sha=6bde6b44afc05124ce958ff244a25174fc3c293b, new_sha=a91fc14b6885362e8241aeb212d3725535580552, old_path=src/main/java/com/twilio/rest/conversations/v1/UserDeleter.java, new_path=src/main/java/com/twilio/rest/conversations/v1/UserDeleter.java, old_lines=[46], new_lines=[46], category=ONE_TO_ONE)",5,5,4,175
"Diff(project=twilio/twilio-java, old_sha=6bde6b44afc05124ce958ff244a25174fc3c293b, new_sha=a91fc14b6885362e8241aeb212d3725535580552, old_path=src/main/java/com/twilio/rest/conversations/v1/UserFetcher.java, new_path=src/main/java/com/twilio/rest/conversations/v1/UserFetcher.java, old_lines=[42], new_lines=[42], category=ONE_TO_ONE)",5,5,4,175
"Diff(project=twilio/twilio-java, old_sha=6bde6b44afc05124ce958ff244a25174fc3c293b, new_sha=a91fc14b6885362e8241aeb212d3725535580552, old_path=src/main/java/com/twilio/rest/conversations/v1/UserUpdater.java, new_path=src/main/java/com/twilio/rest/conversations/v1/UserUpdater.java, old_lines=[62], new_lines=[62], category=ONE_TO_ONE)",5,5,5,175
"Diff(project=twilio/twilio-java, old_sha=6bde6b44afc05124ce958ff244a25174fc3c293b, new_sha=a91fc14b6885362e8241aeb212d3725535580552, old_path=src/main/java/com/twilio/rest/conversations/v1/conversation/MessageCreator.java, new_path=src/main/java/com/twilio/rest/conversations/v1/conversation/MessageCreator.java, old_lines=[78], new_lines=[78], category=ONE_TO_ONE)",7,5,5,175
"Diff(project=twilio/twilio-java, old_sha=6bde6b44afc05124ce958ff244a25174fc3c293b, new_sha=a91fc14b6885362e8241aeb212d3725535580552, old_path=src/main/java/com/twilio/rest/conversations/v1/conversation/MessageReader.java, new_path=src/main/java/com/twilio/rest/conversations/v1/conversation/MessageReader.java, old_lines=[56], new_lines=[56], category=ONE_TO_ONE)",7,1,1,175
"Diff(project=twilio/twilio-java, old_sha=6bde6b44afc05124ce958ff244a25174fc3c293b, new_sha=a91fc14b6885362e8241aeb212d3725535580552, old_path=src/main/java/com/twilio/rest/conversations/v1/conversation/ParticipantCreator.java, new_path=src/main/java/com/twilio/rest/conversations/v1/conversation/ParticipantCreator.java, old_lines=[88], new_lines=[88], category=ONE_TO_ONE)",5,5,5,175
"Diff(project=twilio/twilio-java, old_sha=6bde6b44afc05124ce958ff244a25174fc3c293b, new_sha=a91fc14b6885362e8241aeb212d3725535580552, old_path=src/main/java/com/twilio/rest/conversations/v1/conversation/ParticipantReader.java, new_path=src/main/java/com/twilio/rest/conversations/v1/conversation/ParticipantReader.java, old_lines=[51], new_lines=[51], category=ONE_TO_ONE)",7,1,1,175
"Diff(project=twilio/twilio-java, old_sha=6bde6b44afc05124ce958ff244a25174fc3c293b, new_sha=a91fc14b6885362e8241aeb212d3725535580552, old_path=src/main/java/com/twilio/rest/conversations/v1/conversation/WebhookCreator.java, new_path=src/main/java/com/twilio/rest/conversations/v1/conversation/WebhookCreator.java, old_lines=[87], new_lines=[87], category=ONE_TO_ONE)",7,2,2,175
"Diff(project=twilio/twilio-java, old_sha=6bde6b44afc05124ce958ff244a25174fc3c293b, new_sha=a91fc14b6885362e8241aeb212d3725535580552, old_path=src/main/java/com/twilio/rest/conversations/v1/conversation/WebhookReader.java, new_path=src/main/java/com/twilio/rest/conversations/v1/conversation/WebhookReader.java, old_lines=[51], new_lines=[51], category=ONE_TO_ONE)",7,1,1,175
"Diff(project=twilio/twilio-java, old_sha=6bde6b44afc05124ce958ff244a25174fc3c293b, new_sha=a91fc14b6885362e8241aeb212d3725535580552, old_path=src/main/java/com/twilio/rest/conversations/v1/service/BindingReader.java, new_path=src/main/java/com/twilio/rest/conversations/v1/service/BindingReader.java, old_lines=[69], new_lines=[69], category=ONE_TO_ONE)",8,1,1,175
"Diff(project=twilio/twilio-java, old_sha=6bde6b44afc05124ce958ff244a25174fc3c293b, new_sha=a91fc14b6885362e8241aeb212d3725535580552, old_path=src/main/java/com/twilio/rest/conversations/v1/service/ConfigurationFetcher.java, new_path=src/main/java/com/twilio/rest/conversations/v1/service/ConfigurationFetcher.java, old_lines=[42], new_lines=[42], category=ONE_TO_ONE)",5,5,4,175
"Diff(project=twilio/twilio-java, old_sha=6bde6b44afc05124ce958ff244a25174fc3c293b, new_sha=a91fc14b6885362e8241aeb212d3725535580552, old_path=src/main/java/com/twilio/rest/conversations/v1/service/ConfigurationUpdater.java, new_path=src/main/java/com/twilio/rest/conversations/v1/service/ConfigurationUpdater.java, old_lines=[62], new_lines=[62], category=ONE_TO_ONE)",5,5,5,175
"Diff(project=twilio/twilio-java, old_sha=6bde6b44afc05124ce958ff244a25174fc3c293b, new_sha=a91fc14b6885362e8241aeb212d3725535580552, old_path=src/main/java/com/twilio/rest/conversations/v1/service/ConversationCreator.java, new_path=src/main/java/com/twilio/rest/conversations/v1/service/ConversationCreator.java, old_lines=[93], new_lines=[93], category=ONE_TO_ONE)",6,5,5,175
"Diff(project=twilio/twilio-java, old_sha=6bde6b44afc05124ce958ff244a25174fc3c293b, new_sha=a91fc14b6885362e8241aeb212d3725535580552, old_path=src/main/java/com/twilio/rest/conversations/v1/service/ConversationReader.java, new_path=src/main/java/com/twilio/rest/conversations/v1/service/ConversationReader.java, old_lines=[51], new_lines=[51], category=ONE_TO_ONE)",10,1,1,175
"Diff(project=twilio/twilio-java, old_sha=6bde6b44afc05124ce958ff244a25174fc3c293b, new_sha=a91fc14b6885362e8241aeb212d3725535580552, old_path=src/main/java/com/twilio/rest/conversations/v1/service/ParticipantConversationReader.java, new_path=src/main/java/com/twilio/rest/conversations/v1/service/ParticipantConversationReader.java, old_lines=[61], new_lines=[61], category=ONE_TO_ONE)",7,2,1,175
"Diff(project=twilio/twilio-java, old_sha=6bde6b44afc05124ce958ff244a25174fc3c293b, new_sha=a91fc14b6885362e8241aeb212d3725535580552, old_path=src/main/java/com/twilio/rest/conversations/v1/service/RoleCreator.java, new_path=src/main/java/com/twilio/rest/conversations/v1/service/RoleCreator.java, old_lines=[66], new_lines=[66], category=ONE_TO_ONE)",6,2,2,175
"Diff(project=twilio/twilio-java, old_sha=6bde6b44afc05124ce958ff244a25174fc3c293b, new_sha=a91fc14b6885362e8241aeb212d3725535580552, old_path=src/main/java/com/twilio/rest/conversations/v1/service/RoleReader.java, new_path=src/main/java/com/twilio/rest/conversations/v1/service/RoleReader.java, old_lines=[51], new_lines=[51], category=ONE_TO_ONE)",7,1,1,175
"Diff(project=twilio/twilio-java, old_sha=6bde6b44afc05124ce958ff244a25174fc3c293b, new_sha=a91fc14b6885362e8241aeb212d3725535580552, old_path=src/main/java/com/twilio/rest/conversations/v1/service/UserCreator.java, new_path=src/main/java/com/twilio/rest/conversations/v1/service/UserCreator.java, old_lines=[68], new_lines=[68], category=ONE_TO_ONE)",5,2,2,175
"Diff(project=twilio/twilio-java, old_sha=6bde6b44afc05124ce958ff244a25174fc3c293b, new_sha=a91fc14b6885362e8241aeb212d3725535580552, old_path=src/main/java/com/twilio/rest/conversations/v1/service/UserReader.java, new_path=src/main/java/com/twilio/rest/conversations/v1/service/UserReader.java, old_lines=[51], new_lines=[51], category=ONE_TO_ONE)",7,1,1,175
"Diff(project=twilio/twilio-java, old_sha=6bde6b44afc05124ce958ff244a25174fc3c293b, new_sha=a91fc14b6885362e8241aeb212d3725535580552, old_path=src/main/java/com/twilio/rest/conversations/v1/service/configuration/NotificationFetcher.java, new_path=src/main/java/com/twilio/rest/conversations/v1/service/configuration/NotificationFetcher.java, old_lines=[42], new_lines=[42], category=ONE_TO_ONE)",5,5,4,175
"Diff(project=twilio/twilio-java, old_sha=6bde6b44afc05124ce958ff244a25174fc3c293b, new_sha=a91fc14b6885362e8241aeb212d3725535580552, old_path=src/main/java/com/twilio/rest/conversations/v1/service/configuration/NotificationUpdater.java, new_path=src/main/java/com/twilio/rest/conversations/v1/service/configuration/NotificationUpdater.java, old_lines=[107], new_lines=[107], category=ONE_TO_ONE)",6,5,5,175
"Diff(project=twilio/twilio-java, old_sha=6bde6b44afc05124ce958ff244a25174fc3c293b, new_sha=a91fc14b6885362e8241aeb212d3725535580552, old_path=src/main/java/com/twilio/rest/conversations/v1/service/configuration/WebhookFetcher.java, new_path=src/main/java/com/twilio/rest/conversations/v1/service/configuration/WebhookFetcher.java, old_lines=[42], new_lines=[42], category=ONE_TO_ONE)",5,5,4,175
"Diff(project=twilio/twilio-java, old_sha=6bde6b44afc05124ce958ff244a25174fc3c293b, new_sha=a91fc14b6885362e8241aeb212d3725535580552, old_path=src/main/java/com/twilio/rest/conversations/v1/service/configuration/WebhookUpdater.java, new_path=src/main/java/com/twilio/rest/conversations/v1/service/configuration/WebhookUpdater.java, old_lines=[76], new_lines=[76], category=ONE_TO_ONE)",6,5,5,175
"Diff(project=twilio/twilio-java, old_sha=6bde6b44afc05124ce958ff244a25174fc3c293b, new_sha=a91fc14b6885362e8241aeb212d3725535580552, old_path=src/main/java/com/twilio/rest/conversations/v1/user/UserConversationReader.java, new_path=src/main/java/com/twilio/rest/conversations/v1/user/UserConversationReader.java, old_lines=[51], new_lines=[51], category=ONE_TO_ONE)",7,1,1,175
"Diff(project=twilio/twilio-java, old_sha=6bde6b44afc05124ce958ff244a25174fc3c293b, new_sha=a91fc14b6885362e8241aeb212d3725535580552, old_path=src/main/java/com/twilio/rest/events/v1/SchemaFetcher.java, new_path=src/main/java/com/twilio/rest/events/v1/SchemaFetcher.java, old_lines=[42], new_lines=[42], category=ONE_TO_ONE)",5,5,4,175
"Diff(project=twilio/twilio-java, old_sha=6bde6b44afc05124ce958ff244a25174fc3c293b, new_sha=a91fc14b6885362e8241aeb212d3725535580552, old_path=src/main/java/com/twilio/rest/events/v1/SinkDeleter.java, new_path=src/main/java/com/twilio/rest/events/v1/SinkDeleter.java, old_lines=[41], new_lines=[41], category=ONE_TO_ONE)",5,5,4,175
"Diff(project=twilio/twilio-java, old_sha=6bde6b44afc05124ce958ff244a25174fc3c293b, new_sha=a91fc14b6885362e8241aeb212d3725535580552, old_path=src/main/java/com/twilio/rest/events/v1/SinkFetcher.java, new_path=src/main/java/com/twilio/rest/events/v1/SinkFetcher.java, old_lines=[42], new_lines=[42], category=ONE_TO_ONE)",5,5,4,175
"Diff(project=twilio/twilio-java, old_sha=6bde6b44afc05124ce958ff244a25174fc3c293b, new_sha=a91fc14b6885362e8241aeb212d3725535580552, old_path=src/main/java/com/twilio/rest/events/v1/SinkUpdater.java, new_path=src/main/java/com/twilio/rest/events/v1/SinkUpdater.java, old_lines=[48], new_lines=[48], category=ONE_TO_ONE)",5,5,5,175
"Diff(project=twilio/twilio-java, old_sha=6bde6b44afc05124ce958ff244a25174fc3c293b, new_sha=a91fc14b6885362e8241aeb212d3725535580552, old_path=src/main/java/com/twilio/rest/events/v1/SubscriptionDeleter.java, new_path=src/main/java/com/twilio/rest/events/v1/SubscriptionDeleter.java, old_lines=[41], new_lines=[41], category=ONE_TO_ONE)",5,5,4,175
"Diff(project=twilio/twilio-java, old_sha=6bde6b44afc05124ce958ff244a25174fc3c293b, new_sha=a91fc14b6885362e8241aeb212d3725535580552, old_path=src/main/java/com/twilio/rest/events/v1/SubscriptionFetcher.java, new_path=src/main/java/com/twilio/rest/events/v1/SubscriptionFetcher.java, old_lines=[42], new_lines=[42], category=ONE_TO_ONE)",5,5,4,175
"Diff(project=twilio/twilio-java, old_sha=6bde6b44afc05124ce958ff244a25174fc3c293b, new_sha=a91fc14b6885362e8241aeb212d3725535580552, old_path=src/main/java/com/twilio/rest/events/v1/SubscriptionUpdater.java, new_path=src/main/java/com/twilio/rest/events/v1/SubscriptionUpdater.java, old_lines=[52], new_lines=[52], category=ONE_TO_ONE)",7,5,5,175
"Diff(project=twilio/twilio-java, old_sha=6bde6b44afc05124ce958ff244a25174fc3c293b, new_sha=a91fc14b6885362e8241aeb212d3725535580552, old_path=src/main/java/com/twilio/rest/events/v1/schema/SchemaVersionReader.java, new_path=src/main/java/com/twilio/rest/events/v1/schema/SchemaVersionReader.java, old_lines=[51], new_lines=[51], category=ONE_TO_ONE)",7,1,1,175
"Diff(project=twilio/twilio-java, old_sha=6bde6b44afc05124ce958ff244a25174fc3c293b, new_sha=a91fc14b6885362e8241aeb212d3725535580552, old_path=src/main/java/com/twilio/rest/events/v1/sink/SinkTestCreator.java, new_path=src/main/java/com/twilio/rest/events/v1/sink/SinkTestCreator.java, old_lines=[42], new_lines=[42], category=ONE_TO_ONE)",5,5,4,175
"Diff(project=twilio/twilio-java, old_sha=6bde6b44afc05124ce958ff244a25174fc3c293b, new_sha=a91fc14b6885362e8241aeb212d3725535580552, old_path=src/main/java/com/twilio/rest/events/v1/sink/SinkValidateCreator.java, new_path=src/main/java/com/twilio/rest/events/v1/sink/SinkValidateCreator.java, old_lines=[48], new_lines=[48], category=ONE_TO_ONE)",5,5,5,175
"Diff(project=twilio/twilio-java, old_sha=6bde6b44afc05124ce958ff244a25174fc3c293b, new_sha=a91fc14b6885362e8241aeb212d3725535580552, old_path=src/main/java/com/twilio/rest/events/v1/subscription/SubscribedEventCreator.java, new_path=src/main/java/com/twilio/rest/events/v1/subscription/SubscribedEventCreator.java, old_lines=[53], new_lines=[53], category=ONE_TO_ONE)",5,2,2,175
"Diff(project=twilio/twilio-java, old_sha=6bde6b44afc05124ce958ff244a25174fc3c293b, new_sha=a91fc14b6885362e8241aeb212d3725535580552, old_path=src/main/java/com/twilio/rest/events/v1/subscription/SubscribedEventReader.java, new_path=src/main/java/com/twilio/rest/events/v1/subscription/SubscribedEventReader.java, old_lines=[51], new_lines=[51], category=ONE_TO_ONE)",7,1,1,175
"Diff(project=twilio/twilio-java, old_sha=6bde6b44afc05124ce958ff244a25174fc3c293b, new_sha=a91fc14b6885362e8241aeb212d3725535580552, old_path=src/main/java/com/twilio/rest/flexapi/v1/ChannelDeleter.java, new_path=src/main/java/com/twilio/rest/flexapi/v1/ChannelDeleter.java, old_lines=[41], new_lines=[41], category=ONE_TO_ONE)",5,5,4,175
"Diff(project=twilio/twilio-java, old_sha=6bde6b44afc05124ce958ff244a25174fc3c293b, new_sha=a91fc14b6885362e8241aeb212d3725535580552, old_path=src/main/java/com/twilio/rest/flexapi/v1/ChannelFetcher.java, new_path=src/main/java/com/twilio/rest/flexapi/v1/ChannelFetcher.java, old_lines=[42], new_lines=[42], category=ONE_TO_ONE)",5,5,4,175
"Diff(project=twilio/twilio-java, old_sha=6bde6b44afc05124ce958ff244a25174fc3c293b, new_sha=a91fc14b6885362e8241aeb212d3725535580552, old_path=src/main/java/com/twilio/rest/flexapi/v1/FlexFlowDeleter.java, new_path=src/main/java/com/twilio/rest/flexapi/v1/FlexFlowDeleter.java, old_lines=[41], new_lines=[41], category=ONE_TO_ONE)",5,5,4,175
"Diff(project=twilio/twilio-java, old_sha=6bde6b44afc05124ce958ff244a25174fc3c293b, new_sha=a91fc14b6885362e8241aeb212d3725535580552, old_path=src/main/java/com/twilio/rest/flexapi/v1/FlexFlowFetcher.java, new_path=src/main/java/com/twilio/rest/flexapi/v1/FlexFlowFetcher.java, old_lines=[42], new_lines=[42], category=ONE_TO_ONE)",5,5,4,175
"Diff(project=twilio/twilio-java, old_sha=6bde6b44afc05124ce958ff244a25174fc3c293b, new_sha=a91fc14b6885362e8241aeb212d3725535580552, old_path=src/main/java/com/twilio/rest/flexapi/v1/FlexFlowUpdater.java, new_path=src/main/java/com/twilio/rest/flexapi/v1/FlexFlowUpdater.java, old_lines=[133], new_lines=[133], category=ONE_TO_ONE)",7,5,5,175
"Diff(project=twilio/twilio-java, old_sha=6bde6b44afc05124ce958ff244a25174fc3c293b, new_sha=a91fc14b6885362e8241aeb212d3725535580552, old_path=src/main/java/com/twilio/rest/flexapi/v1/InteractionFetcher.java, new_path=src/main/java/com/twilio/rest/flexapi/v1/InteractionFetcher.java, old_lines=[42], new_lines=[42], category=ONE_TO_ONE)",5,5,4,175
"Diff(project=twilio/twilio-java, old_sha=6bde6b44afc05124ce958ff244a25174fc3c293b, new_sha=a91fc14b6885362e8241aeb212d3725535580552, old_path=src/main/java/com/twilio/rest/flexapi/v1/WebChannelDeleter.java, new_path=src/main/java/com/twilio/rest/flexapi/v1/WebChannelDeleter.java, old_lines=[41], new_lines=[41], category=ONE_TO_ONE)",5,5,4,175
"Diff(project=twilio/twilio-java, old_sha=6bde6b44afc05124ce958ff244a25174fc3c293b, new_sha=a91fc14b6885362e8241aeb212d3725535580552, old_path=src/main/java/com/twilio/rest/flexapi/v1/WebChannelFetcher.java, new_path=src/main/java/com/twilio/rest/flexapi/v1/WebChannelFetcher.java, old_lines=[42], new_lines=[42], category=ONE_TO_ONE)",5,5,4,175
"Diff(project=twilio/twilio-java, old_sha=6bde6b44afc05124ce958ff244a25174fc3c293b, new_sha=a91fc14b6885362e8241aeb212d3725535580552, old_path=src/main/java/com/twilio/rest/flexapi/v1/WebChannelUpdater.java, new_path=src/main/java/com/twilio/rest/flexapi/v1/WebChannelUpdater.java, old_lines=[52], new_lines=[52], category=ONE_TO_ONE)",5,5,5,175
"Diff(project=twilio/twilio-java, old_sha=6bde6b44afc05124ce958ff244a25174fc3c293b, new_sha=a91fc14b6885362e8241aeb212d3725535580552, old_path=src/main/java/com/twilio/rest/flexapi/v1/interaction/InteractionChannelReader.java, new_path=src/main/java/com/twilio/rest/flexapi/v1/interaction/InteractionChannelReader.java, old_lines=[51], new_lines=[51], category=ONE_TO_ONE)",7,1,1,175
"Diff(project=twilio/twilio-java, old_sha=6bde6b44afc05124ce958ff244a25174fc3c293b, new_sha=a91fc14b6885362e8241aeb212d3725535580552, old_path=src/main/java/com/twilio/rest/frontlineapi/v1/UserFetcher.java, new_path=src/main/java/com/twilio/rest/frontlineapi/v1/UserFetcher.java, old_lines=[42], new_lines=[42], category=ONE_TO_ONE)",5,5,4,175
"Diff(project=twilio/twilio-java, old_sha=6bde6b44afc05124ce958ff244a25174fc3c293b, new_sha=a91fc14b6885362e8241aeb212d3725535580552, old_path=src/main/java/com/twilio/rest/frontlineapi/v1/UserUpdater.java, new_path=src/main/java/com/twilio/rest/frontlineapi/v1/UserUpdater.java, old_lines=[62], new_lines=[62], category=ONE_TO_ONE)",5,5,5,175
"Diff(project=twilio/twilio-java, old_sha=6bde6b44afc05124ce958ff244a25174fc3c293b, new_sha=a91fc14b6885362e8241aeb212d3725535580552, old_path=src/main/java/com/twilio/rest/insights/v1/CallFetcher.java, new_path=src/main/java/com/twilio/rest/insights/v1/CallFetcher.java, old_lines=[42], new_lines=[42], category=ONE_TO_ONE)",5,5,4,175
"Diff(project=twilio/twilio-java, old_sha=6bde6b44afc05124ce958ff244a25174fc3c293b, new_sha=a91fc14b6885362e8241aeb212d3725535580552, old_path=src/main/java/com/twilio/rest/insights/v1/ConferenceFetcher.java, new_path=src/main/java/com/twilio/rest/insights/v1/ConferenceFetcher.java, old_lines=[42], new_lines=[42], category=ONE_TO_ONE)",5,5,4,175
"Diff(project=twilio/twilio-java, old_sha=6bde6b44afc05124ce958ff244a25174fc3c293b, new_sha=a91fc14b6885362e8241aeb212d3725535580552, old_path=src/main/java/com/twilio/rest/insights/v1/RoomFetcher.java, new_path=src/main/java/com/twilio/rest/insights/v1/RoomFetcher.java, old_lines=[42], new_lines=[42], category=ONE_TO_ONE)",5,5,4,175
"Diff(project=twilio/twilio-java, old_sha=6bde6b44afc05124ce958ff244a25174fc3c293b, new_sha=a91fc14b6885362e8241aeb212d3725535580552, old_path=src/main/java/com/twilio/rest/insights/v1/call/AnnotationFetcher.java, new_path=src/main/java/com/twilio/rest/insights/v1/call/AnnotationFetcher.java, old_lines=[42], new_lines=[42], category=ONE_TO_ONE)",5,5,4,175
"Diff(project=twilio/twilio-java, old_sha=6bde6b44afc05124ce958ff244a25174fc3c293b, new_sha=a91fc14b6885362e8241aeb212d3725535580552, old_path=src/main/java/com/twilio/rest/insights/v1/call/AnnotationUpdater.java, new_path=src/main/java/com/twilio/rest/insights/v1/call/AnnotationUpdater.java, old_lines=[77], new_lines=[77], category=ONE_TO_ONE)",5,5,5,175
"Diff(project=twilio/twilio-java, old_sha=6bde6b44afc05124ce958ff244a25174fc3c293b, new_sha=a91fc14b6885362e8241aeb212d3725535580552, old_path=src/main/java/com/twilio/rest/insights/v1/call/CallSummaryFetcher.java, new_path=src/main/java/com/twilio/rest/insights/v1/call/CallSummaryFetcher.java, old_lines=[47], new_lines=[47], category=ONE_TO_ONE)",5,5,4,175
"Diff(project=twilio/twilio-java, old_sha=6bde6b44afc05124ce958ff244a25174fc3c293b, new_sha=a91fc14b6885362e8241aeb212d3725535580552, old_path=src/main/java/com/twilio/rest/insights/v1/call/EventReader.java, new_path=src/main/java/com/twilio/rest/insights/v1/call/EventReader.java, old_lines=[56], new_lines=[56], category=ONE_TO_ONE)",7,1,1,175
"Diff(project=twilio/twilio-java, old_sha=6bde6b44afc05124ce958ff244a25174fc3c293b, new_sha=a91fc14b6885362e8241aeb212d3725535580552, old_path=src/main/java/com/twilio/rest/insights/v1/call/MetricReader.java, new_path=src/main/java/com/twilio/rest/insights/v1/call/MetricReader.java, old_lines=[61], new_lines=[61], category=ONE_TO_ONE)",7,1,1,175
"Diff(project=twilio/twilio-java, old_sha=6bde6b44afc05124ce958ff244a25174fc3c293b, new_sha=a91fc14b6885362e8241aeb212d3725535580552, old_path=src/main/java/com/twilio/rest/insights/v1/conference/ConferenceParticipantReader.java, new_path=src/main/java/com/twilio/rest/insights/v1/conference/ConferenceParticipantReader.java, old_lines=[66], new_lines=[66], category=ONE_TO_ONE)",7,2,1,175
"Diff(project=twilio/twilio-java, old_sha=6bde6b44afc05124ce958ff244a25174fc3c293b, new_sha=a91fc14b6885362e8241aeb212d3725535580552, old_path=src/main/java/com/twilio/rest/insights/v1/room/ParticipantReader.java, new_path=src/main/java/com/twilio/rest/insights/v1/room/ParticipantReader.java, old_lines=[51], new_lines=[51], category=ONE_TO_ONE)",7,1,1,175
"Diff(project=twilio/twilio-java, old_sha=6bde6b44afc05124ce958ff244a25174fc3c293b, new_sha=a91fc14b6885362e8241aeb212d3725535580552, old_path=src/main/java/com/twilio/rest/ipmessaging/v1/CredentialDeleter.java, new_path=src/main/java/com/twilio/rest/ipmessaging/v1/CredentialDeleter.java, old_lines=[41], new_lines=[41], category=ONE_TO_ONE)",5,5,4,175
"Diff(project=twilio/twilio-java, old_sha=6bde6b44afc05124ce958ff244a25174fc3c293b, new_sha=a91fc14b6885362e8241aeb212d3725535580552, old_path=src/main/java/com/twilio/rest/ipmessaging/v1/CredentialFetcher.java, new_path=src/main/java/com/twilio/rest/ipmessaging/v1/CredentialFetcher.java, old_lines=[42], new_lines=[42], category=ONE_TO_ONE)",5,5,4,175
"Diff(project=twilio/twilio-java, old_sha=6bde6b44afc05124ce958ff244a25174fc3c293b, new_sha=a91fc14b6885362e8241aeb212d3725535580552, old_path=src/main/java/com/twilio/rest/ipmessaging/v1/CredentialUpdater.java, new_path=src/main/java/com/twilio/rest/ipmessaging/v1/CredentialUpdater.java, old_lines=[72], new_lines=[72], category=ONE_TO_ONE)",5,5,5,175
"Diff(project=twilio/twilio-java, old_sha=6bde6b44afc05124ce958ff244a25174fc3c293b, new_sha=a91fc14b6885362e8241aeb212d3725535580552, old_path=src/main/java/com/twilio/rest/ipmessaging/v1/ServiceDeleter.java, new_path=src/main/java/com/twilio/rest/ipmessaging/v1/ServiceDeleter.java, old_lines=[41], new_lines=[41], category=ONE_TO_ONE)",5,5,4,175
"Diff(project=twilio/twilio-java, old_sha=6bde6b44afc05124ce958ff244a25174fc3c293b, new_sha=a91fc14b6885362e8241aeb212d3725535580552, old_path=src/main/java/com/twilio/rest/ipmessaging/v1/ServiceFetcher.java, new_path=src/main/java/com/twilio/rest/ipmessaging/v1/ServiceFetcher.java, old_lines=[42], new_lines=[42], category=ONE_TO_ONE)",5,5,4,175
"Diff(project=twilio/twilio-java, old_sha=6bde6b44afc05124ce958ff244a25174fc3c293b, new_sha=a91fc14b6885362e8241aeb212d3725535580552, old_path=src/main/java/com/twilio/rest/ipmessaging/v1/ServiceUpdater.java, new_path=src/main/java/com/twilio/rest/ipmessaging/v1/ServiceUpdater.java, old_lines=[390], new_lines=[390], category=ONE_TO_ONE)",7,5,5,175
"Diff(project=twilio/twilio-java, old_sha=6bde6b44afc05124ce958ff244a25174fc3c293b, new_sha=a91fc14b6885362e8241aeb212d3725535580552, old_path=src/main/java/com/twilio/rest/ipmessaging/v1/service/ChannelCreator.java, new_path=src/main/java/com/twilio/rest/ipmessaging/v1/service/ChannelCreator.java, old_lines=[62], new_lines=[62], category=ONE_TO_ONE)",5,5,5,175
"Diff(project=twilio/twilio-java, old_sha=6bde6b44afc05124ce958ff244a25174fc3c293b, new_sha=a91fc14b6885362e8241aeb212d3725535580552, old_path=src/main/java/com/twilio/rest/ipmessaging/v1/service/ChannelReader.java, new_path=src/main/java/com/twilio/rest/ipmessaging/v1/service/ChannelReader.java, old_lines=[61], new_lines=[61], category=ONE_TO_ONE)",8,1,1,175
"Diff(project=twilio/twilio-java, old_sha=6bde6b44afc05124ce958ff244a25174fc3c293b, new_sha=a91fc14b6885362e8241aeb212d3725535580552, old_path=src/main/java/com/twilio/rest/ipmessaging/v1/service/RoleCreator.java, new_path=src/main/java/com/twilio/rest/ipmessaging/v1/service/RoleCreator.java, old_lines=[66], new_lines=[66], category=ONE_TO_ONE)",6,2,2,175
"Diff(project=twilio/twilio-java, old_sha=6bde6b44afc05124ce958ff244a25174fc3c293b, new_sha=a91fc14b6885362e8241aeb212d3725535580552, old_path=src/main/java/com/twilio/rest/ipmessaging/v1/service/RoleReader.java, new_path=src/main/java/com/twilio/rest/ipmessaging/v1/service/RoleReader.java, old_lines=[51], new_lines=[51], category=ONE_TO_ONE)",7,1,1,175
"Diff(project=twilio/twilio-java, old_sha=6bde6b44afc05124ce958ff244a25174fc3c293b, new_sha=a91fc14b6885362e8241aeb212d3725535580552, old_path=src/main/java/com/twilio/rest/ipmessaging/v1/service/UserCreator.java, new_path=src/main/java/com/twilio/rest/ipmessaging/v1/service/UserCreator.java, old_lines=[63], new_lines=[63], category=ONE_TO_ONE)",5,1,1,175
"Diff(project=twilio/twilio-java, old_sha=6bde6b44afc05124ce958ff244a25174fc3c293b, new_sha=a91fc14b6885362e8241aeb212d3725535580552, old_path=src/main/java/com/twilio/rest/ipmessaging/v1/service/UserReader.java, new_path=src/main/java/com/twilio/rest/ipmessaging/v1/service/UserReader.java, old_lines=[51], new_lines=[51], category=ONE_TO_ONE)",7,1,1,175
"Diff(project=twilio/twilio-java, old_sha=6bde6b44afc05124ce958ff244a25174fc3c293b, new_sha=a91fc14b6885362e8241aeb212d3725535580552, old_path=src/main/java/com/twilio/rest/ipmessaging/v2/CredentialDeleter.java, new_path=src/main/java/com/twilio/rest/ipmessaging/v2/CredentialDeleter.java, old_lines=[41], new_lines=[41], category=ONE_TO_ONE)",5,5,4,175
"Diff(project=twilio/twilio-java, old_sha=6bde6b44afc05124ce958ff244a25174fc3c293b, new_sha=a91fc14b6885362e8241aeb212d3725535580552, old_path=src/main/java/com/twilio/rest/ipmessaging/v2/CredentialFetcher.java, new_path=src/main/java/com/twilio/rest/ipmessaging/v2/CredentialFetcher.java, old_lines=[42], new_lines=[42], category=ONE_TO_ONE)",5,5,4,175
"Diff(project=twilio/twilio-java, old_sha=6bde6b44afc05124ce958ff244a25174fc3c293b, new_sha=a91fc14b6885362e8241aeb212d3725535580552, old_path=src/main/java/com/twilio/rest/ipmessaging/v2/CredentialUpdater.java, new_path=src/main/java/com/twilio/rest/ipmessaging/v2/CredentialUpdater.java, old_lines=[72], new_lines=[72], category=ONE_TO_ONE)",5,5,5,175
"Diff(project=twilio/twilio-java, old_sha=6bde6b44afc05124ce958ff244a25174fc3c293b, new_sha=a91fc14b6885362e8241aeb212d3725535580552, old_path=src/main/java/com/twilio/rest/ipmessaging/v2/ServiceDeleter.java, new_path=src/main/java/com/twilio/rest/ipmessaging/v2/ServiceDeleter.java, old_lines=[41], new_lines=[41], category=ONE_TO_ONE)",5,5,4,175
"Diff(project=twilio/twilio-java, old_sha=6bde6b44afc05124ce958ff244a25174fc3c293b, new_sha=a91fc14b6885362e8241aeb212d3725535580552, old_path=src/main/java/com/twilio/rest/ipmessaging/v2/ServiceFetcher.java, new_path=src/main/java/com/twilio/rest/ipmessaging/v2/ServiceFetcher.java, old_lines=[42], new_lines=[42], category=ONE_TO_ONE)",5,5,4,175
"Diff(project=twilio/twilio-java, old_sha=6bde6b44afc05124ce958ff244a25174fc3c293b, new_sha=a91fc14b6885362e8241aeb212d3725535580552, old_path=src/main/java/com/twilio/rest/ipmessaging/v2/ServiceUpdater.java, new_path=src/main/java/com/twilio/rest/ipmessaging/v2/ServiceUpdater.java, old_lines=[211], new_lines=[211], category=ONE_TO_ONE)",7,5,5,175
"Diff(project=twilio/twilio-java, old_sha=6bde6b44afc05124ce958ff244a25174fc3c293b, new_sha=a91fc14b6885362e8241aeb212d3725535580552, old_path=src/main/java/com/twilio/rest/ipmessaging/v2/service/BindingReader.java, new_path=src/main/java/com/twilio/rest/ipmessaging/v2/service/BindingReader.java, old_lines=[69], new_lines=[69], category=ONE_TO_ONE)",8,1,1,175
"Diff(project=twilio/twilio-java, old_sha=6bde6b44afc05124ce958ff244a25174fc3c293b, new_sha=a91fc14b6885362e8241aeb212d3725535580552, old_path=src/main/java/com/twilio/rest/ipmessaging/v2/service/ChannelCreator.java, new_path=src/main/java/com/twilio/rest/ipmessaging/v2/service/ChannelCreator.java, old_lines=[83], new_lines=[83], category=ONE_TO_ONE)",5,5,5,175
"Diff(project=twilio/twilio-java, old_sha=6bde6b44afc05124ce958ff244a25174fc3c293b, new_sha=a91fc14b6885362e8241aeb212d3725535580552, old_path=src/main/java/com/twilio/rest/ipmessaging/v2/service/ChannelReader.java, new_path=src/main/java/com/twilio/rest/ipmessaging/v2/service/ChannelReader.java, old_lines=[61], new_lines=[61], category=ONE_TO_ONE)",8,1,1,175
"Diff(project=twilio/twilio-java, old_sha=6bde6b44afc05124ce958ff244a25174fc3c293b, new_sha=a91fc14b6885362e8241aeb212d3725535580552, old_path=src/main/java/com/twilio/rest/ipmessaging/v2/service/RoleCreator.java, new_path=src/main/java/com/twilio/rest/ipmessaging/v2/service/RoleCreator.java, old_lines=[66], new_lines=[66], category=ONE_TO_ONE)",6,2,2,175
"Diff(project=twilio/twilio-java, old_sha=6bde6b44afc05124ce958ff244a25174fc3c293b, new_sha=a91fc14b6885362e8241aeb212d3725535580552, old_path=src/main/java/com/twilio/rest/ipmessaging/v2/service/RoleReader.java, new_path=src/main/java/com/twilio/rest/ipmessaging/v2/service/RoleReader.java, old_lines=[51], new_lines=[51], category=ONE_TO_ONE)",7,1,1,175
"Diff(project=twilio/twilio-java, old_sha=6bde6b44afc05124ce958ff244a25174fc3c293b, new_sha=a91fc14b6885362e8241aeb212d3725535580552, old_path=src/main/java/com/twilio/rest/ipmessaging/v2/service/UserCreator.java, new_path=src/main/java/com/twilio/rest/ipmessaging/v2/service/UserCreator.java, old_lines=[68], new_lines=[68], category=ONE_TO_ONE)",5,2,2,175
"Diff(project=twilio/twilio-java, old_sha=6bde6b44afc05124ce958ff244a25174fc3c293b, new_sha=a91fc14b6885362e8241aeb212d3725535580552, old_path=src/main/java/com/twilio/rest/ipmessaging/v2/service/UserReader.java, new_path=src/main/java/com/twilio/rest/ipmessaging/v2/service/UserReader.java, old_lines=[51], new_lines=[51], category=ONE_TO_ONE)",7,1,1,175
"Diff(project=twilio/twilio-java, old_sha=6bde6b44afc05124ce958ff244a25174fc3c293b, new_sha=a91fc14b6885362e8241aeb212d3725535580552, old_path=src/main/java/com/twilio/rest/media/v1/MediaProcessorFetcher.java, new_path=src/main/java/com/twilio/rest/media/v1/MediaProcessorFetcher.java, old_lines=[42], new_lines=[42], category=ONE_TO_ONE)",4,4,4,94
"Diff(project=twilio/twilio-java, old_sha=6bde6b44afc05124ce958ff244a25174fc3c293b, new_sha=a91fc14b6885362e8241aeb212d3725535580552, old_path=src/main/java/com/twilio/rest/media/v1/MediaProcessorUpdater.java, new_path=src/main/java/com/twilio/rest/media/v1/MediaProcessorUpdater.java, old_lines=[48], new_lines=[48], category=ONE_TO_ONE)",5,2,2,175
"Diff(project=twilio/twilio-java, old_sha=6bde6b44afc05124ce958ff244a25174fc3c293b, new_sha=a91fc14b6885362e8241aeb212d3725535580552, old_path=src/main/java/com/twilio/rest/media/v1/MediaRecordingDeleter.java, new_path=src/main/java/com/twilio/rest/media/v1/MediaRecordingDeleter.java, old_lines=[41], new_lines=[41], category=ONE_TO_ONE)",4,4,4,94
"Diff(project=twilio/twilio-java, old_sha=6bde6b44afc05124ce958ff244a25174fc3c293b, new_sha=a91fc14b6885362e8241aeb212d3725535580552, old_path=src/main/java/com/twilio/rest/media/v1/MediaRecordingFetcher.java, new_path=src/main/java/com/twilio/rest/media/v1/MediaRecordingFetcher.java, old_lines=[42], new_lines=[42], category=ONE_TO_ONE)",4,4,4,94
"Diff(project=twilio/twilio-java, old_sha=6bde6b44afc05124ce958ff244a25174fc3c293b, new_sha=a91fc14b6885362e8241aeb212d3725535580552, old_path=src/main/java/com/twilio/rest/media/v1/PlayerStreamerFetcher.java, new_path=src/main/java/com/twilio/rest/media/v1/PlayerStreamerFetcher.java, old_lines=[42], new_lines=[42], category=ONE_TO_ONE)",4,4,4,94
"Diff(project=twilio/twilio-java, old_sha=6bde6b44afc05124ce958ff244a25174fc3c293b, new_sha=a91fc14b6885362e8241aeb212d3725535580552, old_path=src/main/java/com/twilio/rest/media/v1/PlayerStreamerUpdater.java, new_path=src/main/java/com/twilio/rest/media/v1/PlayerStreamerUpdater.java, old_lines=[48], new_lines=[48], category=ONE_TO_ONE)",5,2,2,175
"Diff(project=twilio/twilio-java, old_sha=6bde6b44afc05124ce958ff244a25174fc3c293b, new_sha=a91fc14b6885362e8241aeb212d3725535580552, old_path=src/main/java/com/twilio/rest/media/v1/playerstreamer/PlaybackGrantCreator.java, new_path=src/main/java/com/twilio/rest/media/v1/playerstreamer/PlaybackGrantCreator.java, old_lines=[52], new_lines=[52], category=ONE_TO_ONE)",5,5,5,175
"Diff(project=twilio/twilio-java, old_sha=6bde6b44afc05124ce958ff244a25174fc3c293b, new_sha=a91fc14b6885362e8241aeb212d3725535580552, old_path=src/main/java/com/twilio/rest/media/v1/playerstreamer/PlaybackGrantFetcher.java, new_path=src/main/java/com/twilio/rest/media/v1/playerstreamer/PlaybackGrantFetcher.java, old_lines=[42], new_lines=[42], category=ONE_TO_ONE)",4,4,4,94
"Diff(project=twilio/twilio-java, old_sha=6bde6b44afc05124ce958ff244a25174fc3c293b, new_sha=a91fc14b6885362e8241aeb212d3725535580552, old_path=src/main/java/com/twilio/rest/messaging/v1/BrandRegistrationUpdater.java, new_path=src/main/java/com/twilio/rest/messaging/v1/BrandRegistrationUpdater.java, old_lines=[42], new_lines=[42], category=ONE_TO_ONE)",5,5,4,175
"Diff(project=twilio/twilio-java, old_sha=6bde6b44afc05124ce958ff244a25174fc3c293b, new_sha=a91fc14b6885362e8241aeb212d3725535580552, old_path=src/main/java/com/twilio/rest/messaging/v1/ServiceDeleter.java, new_path=src/main/java/com/twilio/rest/messaging/v1/ServiceDeleter.java, old_lines=[41], new_lines=[41], category=ONE_TO_ONE)",5,5,4,175
"Diff(project=twilio/twilio-java, old_sha=6bde6b44afc05124ce958ff244a25174fc3c293b, new_sha=a91fc14b6885362e8241aeb212d3725535580552, old_path=src/main/java/com/twilio/rest/messaging/v1/ServiceFetcher.java, new_path=src/main/java/com/twilio/rest/messaging/v1/ServiceFetcher.java, old_lines=[42], new_lines=[42], category=ONE_TO_ONE)",5,5,4,175
"Diff(project=twilio/twilio-java, old_sha=6bde6b44afc05124ce958ff244a25174fc3c293b, new_sha=a91fc14b6885362e8241aeb212d3725535580552, old_path=src/main/java/com/twilio/rest/messaging/v1/ServiceUpdater.java, new_path=src/main/java/com/twilio/rest/messaging/v1/ServiceUpdater.java, old_lines=[136], new_lines=[136], category=ONE_TO_ONE)",6,5,5,175
"Diff(project=twilio/twilio-java, old_sha=6bde6b44afc05124ce958ff244a25174fc3c293b, new_sha=a91fc14b6885362e8241aeb212d3725535580552, old_path=src/main/java/com/twilio/rest/messaging/v1/TollfreeVerificationFetcher.java, new_path=src/main/java/com/twilio/rest/messaging/v1/TollfreeVerificationFetcher.java, old_lines=[42], new_lines=[42], category=ONE_TO_ONE)",1,1,1,41
"Diff(project=twilio/twilio-java, old_sha=6bde6b44afc05124ce958ff244a25174fc3c293b, new_sha=a91fc14b6885362e8241aeb212d3725535580552, old_path=src/main/java/com/twilio/rest/messaging/v1/brandregistration/BrandVettingCreator.java, new_path=src/main/java/com/twilio/rest/messaging/v1/brandregistration/BrandVettingCreator.java, old_lines=[53], new_lines=[53], category=ONE_TO_ONE)",5,2,2,175
"Diff(project=twilio/twilio-java, old_sha=6bde6b44afc05124ce958ff244a25174fc3c293b, new_sha=a91fc14b6885362e8241aeb212d3725535580552, old_path=src/main/java/com/twilio/rest/messaging/v1/brandregistration/BrandVettingReader.java, new_path=src/main/java/com/twilio/rest/messaging/v1/brandregistration/BrandVettingReader.java, old_lines=[56], new_lines=[56], category=ONE_TO_ONE)",8,2,2,175
"Diff(project=twilio/twilio-java, old_sha=6bde6b44afc05124ce958ff244a25174fc3c293b, new_sha=a91fc14b6885362e8241aeb212d3725535580552, old_path=src/main/java/com/twilio/rest/messaging/v1/service/AlphaSenderCreator.java, new_path=src/main/java/com/twilio/rest/messaging/v1/service/AlphaSenderCreator.java, old_lines=[48], new_lines=[48], category=ONE_TO_ONE)",5,1,1,175
"Diff(project=twilio/twilio-java, old_sha=6bde6b44afc05124ce958ff244a25174fc3c293b, new_sha=a91fc14b6885362e8241aeb212d3725535580552, old_path=src/main/java/com/twilio/rest/messaging/v1/service/AlphaSenderReader.java, new_path=src/main/java/com/twilio/rest/messaging/v1/service/AlphaSenderReader.java, old_lines=[51], new_lines=[51], category=ONE_TO_ONE)",7,1,1,175
"Diff(project=twilio/twilio-java, old_sha=6bde6b44afc05124ce958ff244a25174fc3c293b, new_sha=a91fc14b6885362e8241aeb212d3725535580552, old_path=src/main/java/com/twilio/rest/messaging/v1/service/PhoneNumberCreator.java, new_path=src/main/java/com/twilio/rest/messaging/v1/service/PhoneNumberCreator.java, old_lines=[48], new_lines=[48], category=ONE_TO_ONE)",5,1,1,175
"Diff(project=twilio/twilio-java, old_sha=6bde6b44afc05124ce958ff244a25174fc3c293b, new_sha=a91fc14b6885362e8241aeb212d3725535580552, old_path=src/main/java/com/twilio/rest/messaging/v1/service/PhoneNumberReader.java, new_path=src/main/java/com/twilio/rest/messaging/v1/service/PhoneNumberReader.java, old_lines=[51], new_lines=[51], category=ONE_TO_ONE)",7,1,1,175
"Diff(project=twilio/twilio-java, old_sha=6bde6b44afc05124ce958ff244a25174fc3c293b, new_sha=a91fc14b6885362e8241aeb212d3725535580552, old_path=src/main/java/com/twilio/rest/messaging/v1/service/ShortCodeCreator.java, new_path=src/main/java/com/twilio/rest/messaging/v1/service/ShortCodeCreator.java, old_lines=[48], new_lines=[48], category=ONE_TO_ONE)",5,1,1,175
"Diff(project=twilio/twilio-java, old_sha=6bde6b44afc05124ce958ff244a25174fc3c293b, new_sha=a91fc14b6885362e8241aeb212d3725535580552, old_path=src/main/java/com/twilio/rest/messaging/v1/service/ShortCodeReader.java, new_path=src/main/java/com/twilio/rest/messaging/v1/service/ShortCodeReader.java, old_lines=[51], new_lines=[51], category=ONE_TO_ONE)",7,1,1,175
"Diff(project=twilio/twilio-java, old_sha=6bde6b44afc05124ce958ff244a25174fc3c293b, new_sha=a91fc14b6885362e8241aeb212d3725535580552, old_path=src/main/java/com/twilio/rest/messaging/v1/service/UsAppToPersonCreator.java, new_path=src/main/java/com/twilio/rest/messaging/v1/service/UsAppToPersonCreator.java, old_lines=[84], new_lines=[84], category=ONE_TO_ONE)",8,3,2,175
"Diff(project=twilio/twilio-java, old_sha=6bde6b44afc05124ce958ff244a25174fc3c293b, new_sha=a91fc14b6885362e8241aeb212d3725535580552, old_path=src/main/java/com/twilio/rest/messaging/v1/service/UsAppToPersonReader.java, new_path=src/main/java/com/twilio/rest/messaging/v1/service/UsAppToPersonReader.java, old_lines=[51], new_lines=[51], category=ONE_TO_ONE)",7,1,1,175
"Diff(project=twilio/twilio-java, old_sha=6bde6b44afc05124ce958ff244a25174fc3c293b, new_sha=a91fc14b6885362e8241aeb212d3725535580552, old_path=src/main/java/com/twilio/rest/messaging/v1/service/UsAppToPersonUsecaseFetcher.java, new_path=src/main/java/com/twilio/rest/messaging/v1/service/UsAppToPersonUsecaseFetcher.java, old_lines=[47], new_lines=[47], category=ONE_TO_ONE)",5,5,4,175
"Diff(project=twilio/twilio-java, old_sha=6bde6b44afc05124ce958ff244a25174fc3c293b, new_sha=a91fc14b6885362e8241aeb212d3725535580552, old_path=src/main/java/com/twilio/rest/microvisor/v1/AppDeleter.java, new_path=src/main/java/com/twilio/rest/microvisor/v1/AppDeleter.java, old_lines=[41], new_lines=[41], category=ONE_TO_ONE)",5,5,4,175
"Diff(project=twilio/twilio-java, old_sha=6bde6b44afc05124ce958ff244a25174fc3c293b, new_sha=a91fc14b6885362e8241aeb212d3725535580552, old_path=src/main/java/com/twilio/rest/microvisor/v1/AppFetcher.java, new_path=src/main/java/com/twilio/rest/microvisor/v1/AppFetcher.java, old_lines=[42], new_lines=[42], category=ONE_TO_ONE)",5,5,4,175
"Diff(project=twilio/twilio-java, old_sha=6bde6b44afc05124ce958ff244a25174fc3c293b, new_sha=a91fc14b6885362e8241aeb212d3725535580552, old_path=src/main/java/com/twilio/rest/microvisor/v1/DeviceFetcher.java, new_path=src/main/java/com/twilio/rest/microvisor/v1/DeviceFetcher.java, old_lines=[42], new_lines=[42], category=ONE_TO_ONE)",5,5,4,175
"Diff(project=twilio/twilio-java, old_sha=6bde6b44afc05124ce958ff244a25174fc3c293b, new_sha=a91fc14b6885362e8241aeb212d3725535580552, old_path=src/main/java/com/twilio/rest/microvisor/v1/DeviceUpdater.java, new_path=src/main/java/com/twilio/rest/microvisor/v1/DeviceUpdater.java, old_lines=[57], new_lines=[57], category=ONE_TO_ONE)",5,5,5,175
"Diff(project=twilio/twilio-java, old_sha=6bde6b44afc05124ce958ff244a25174fc3c293b, new_sha=a91fc14b6885362e8241aeb212d3725535580552, old_path=src/main/java/com/twilio/rest/monitor/v1/AlertFetcher.java, new_path=src/main/java/com/twilio/rest/monitor/v1/AlertFetcher.java, old_lines=[42], new_lines=[42], category=ONE_TO_ONE)",5,5,4,175
"Diff(project=twilio/twilio-java, old_sha=6bde6b44afc05124ce958ff244a25174fc3c293b, new_sha=a91fc14b6885362e8241aeb212d3725535580552, old_path=src/main/java/com/twilio/rest/monitor/v1/EventFetcher.java, new_path=src/main/java/com/twilio/rest/monitor/v1/EventFetcher.java, old_lines=[42], new_lines=[42], category=ONE_TO_ONE)",5,5,4,175
"Diff(project=twilio/twilio-java, old_sha=6bde6b44afc05124ce958ff244a25174fc3c293b, new_sha=a91fc14b6885362e8241aeb212d3725535580552, old_path=src/main/java/com/twilio/rest/notify/v1/CredentialDeleter.java, new_path=src/main/java/com/twilio/rest/notify/v1/CredentialDeleter.java, old_lines=[41], new_lines=[41], category=ONE_TO_ONE)",5,5,4,175
"Diff(project=twilio/twilio-java, old_sha=6bde6b44afc05124ce958ff244a25174fc3c293b, new_sha=a91fc14b6885362e8241aeb212d3725535580552, old_path=src/main/java/com/twilio/rest/notify/v1/CredentialFetcher.java, new_path=src/main/java/com/twilio/rest/notify/v1/CredentialFetcher.java, old_lines=[42], new_lines=[42], category=ONE_TO_ONE)",5,5,4,175
"Diff(project=twilio/twilio-java, old_sha=6bde6b44afc05124ce958ff244a25174fc3c293b, new_sha=a91fc14b6885362e8241aeb212d3725535580552, old_path=src/main/java/com/twilio/rest/notify/v1/ServiceDeleter.java, new_path=src/main/java/com/twilio/rest/notify/v1/ServiceDeleter.java, old_lines=[41], new_lines=[41], category=ONE_TO_ONE)",5,5,4,175
"Diff(project=twilio/twilio-java, old_sha=6bde6b44afc05124ce958ff244a25174fc3c293b, new_sha=a91fc14b6885362e8241aeb212d3725535580552, old_path=src/main/java/com/twilio/rest/notify/v1/ServiceFetcher.java, new_path=src/main/java/com/twilio/rest/notify/v1/ServiceFetcher.java, old_lines=[42], new_lines=[42], category=ONE_TO_ONE)",5,5,4,175
"Diff(project=twilio/twilio-java, old_sha=6bde6b44afc05124ce958ff244a25174fc3c293b, new_sha=a91fc14b6885362e8241aeb212d3725535580552, old_path=src/main/java/com/twilio/rest/notify/v1/ServiceUpdater.java, new_path=src/main/java/com/twilio/rest/notify/v1/ServiceUpdater.java, old_lines=[112], new_lines=[112], category=ONE_TO_ONE)",5,5,5,175
"Diff(project=twilio/twilio-java, old_sha=6bde6b44afc05124ce958ff244a25174fc3c293b, new_sha=a91fc14b6885362e8241aeb212d3725535580552, old_path=src/main/java/com/twilio/rest/notify/v1/service/BindingCreator.java, new_path=src/main/java/com/twilio/rest/notify/v1/service/BindingCreator.java, old_lines=[86], new_lines=[86], category=ONE_TO_ONE)",6,2,2,175
"Diff(project=twilio/twilio-java, old_sha=6bde6b44afc05124ce958ff244a25174fc3c293b, new_sha=a91fc14b6885362e8241aeb212d3725535580552, old_path=src/main/java/com/twilio/rest/notify/v1/service/BindingReader.java, new_path=src/main/java/com/twilio/rest/notify/v1/service/BindingReader.java, old_lines=[81], new_lines=[81], category=ONE_TO_ONE)",8,1,1,175
"Diff(project=twilio/twilio-java, old_sha=6bde6b44afc05124ce958ff244a25174fc3c293b, new_sha=a91fc14b6885362e8241aeb212d3725535580552, old_path=src/main/java/com/twilio/rest/notify/v1/service/NotificationCreator.java, new_path=src/main/java/com/twilio/rest/notify/v1/service/NotificationCreator.java, old_lines=[151], new_lines=[151], category=ONE_TO_ONE)",6,5,5,175
"Diff(project=twilio/twilio-java, old_sha=6bde6b44afc05124ce958ff244a25174fc3c293b, new_sha=a91fc14b6885362e8241aeb212d3725535580552, old_path=src/main/java/com/twilio/rest/numbers/v2/regulatorycompliance/BundleDeleter.java, new_path=src/main/java/com/twilio/rest/numbers/v2/regulatorycompliance/BundleDeleter.java, old_lines=[41], new_lines=[41], category=ONE_TO_ONE)",5,5,4,175
"Diff(project=twilio/twilio-java, old_sha=6bde6b44afc05124ce958ff244a25174fc3c293b, new_sha=a91fc14b6885362e8241aeb212d3725535580552, old_path=src/main/java/com/twilio/rest/numbers/v2/regulatorycompliance/BundleFetcher.java, new_path=src/main/java/com/twilio/rest/numbers/v2/regulatorycompliance/BundleFetcher.java, old_lines=[42], new_lines=[42], category=ONE_TO_ONE)",5,5,4,175
"Diff(project=twilio/twilio-java, old_sha=6bde6b44afc05124ce958ff244a25174fc3c293b, new_sha=a91fc14b6885362e8241aeb212d3725535580552, old_path=src/main/java/com/twilio/rest/numbers/v2/regulatorycompliance/BundleUpdater.java, new_path=src/main/java/com/twilio/rest/numbers/v2/regulatorycompliance/BundleUpdater.java, old_lines=[68], new_lines=[68], category=ONE_TO_ONE)",6,5,5,175
"Diff(project=twilio/twilio-java, old_sha=6bde6b44afc05124ce958ff244a25174fc3c293b, new_sha=a91fc14b6885362e8241aeb212d3725535580552, old_path=src/main/java/com/twilio/rest/numbers/v2/regulatorycompliance/EndUserDeleter.java, new_path=src/main/java/com/twilio/rest/numbers/v2/regulatorycompliance/EndUserDeleter.java, old_lines=[41], new_lines=[41], category=ONE_TO_ONE)",5,5,4,175
"Diff(project=twilio/twilio-java, old_sha=6bde6b44afc05124ce958ff244a25174fc3c293b, new_sha=a91fc14b6885362e8241aeb212d3725535580552, old_path=src/main/java/com/twilio/rest/numbers/v2/regulatorycompliance/EndUserFetcher.java, new_path=src/main/java/com/twilio/rest/numbers/v2/regulatorycompliance/EndUserFetcher.java, old_lines=[42], new_lines=[42], category=ONE_TO_ONE)",5,5,4,175
"Diff(project=twilio/twilio-java, old_sha=6bde6b44afc05124ce958ff244a25174fc3c293b, new_sha=a91fc14b6885362e8241aeb212d3725535580552, old_path=src/main/java/com/twilio/rest/numbers/v2/regulatorycompliance/EndUserTypeFetcher.java, new_path=src/main/java/com/twilio/rest/numbers/v2/regulatorycompliance/EndUserTypeFetcher.java, old_lines=[42], new_lines=[42], category=ONE_TO_ONE)",5,5,4,175
"Diff(project=twilio/twilio-java, old_sha=6bde6b44afc05124ce958ff244a25174fc3c293b, new_sha=a91fc14b6885362e8241aeb212d3725535580552, old_path=src/main/java/com/twilio/rest/numbers/v2/regulatorycompliance/EndUserUpdater.java, new_path=src/main/java/com/twilio/rest/numbers/v2/regulatorycompliance/EndUserUpdater.java, old_lines=[54], new_lines=[54], category=ONE_TO_ONE)",5,5,5,175
"Diff(project=twilio/twilio-java, old_sha=6bde6b44afc05124ce958ff244a25174fc3c293b, new_sha=a91fc14b6885362e8241aeb212d3725535580552, old_path=src/main/java/com/twilio/rest/numbers/v2/regulatorycompliance/RegulationFetcher.java, new_path=src/main/java/com/twilio/rest/numbers/v2/regulatorycompliance/RegulationFetcher.java, old_lines=[42], new_lines=[42], category=ONE_TO_ONE)",5,4,4,175
"Diff(project=twilio/twilio-java, old_sha=6bde6b44afc05124ce958ff244a25174fc3c293b, new_sha=a91fc14b6885362e8241aeb212d3725535580552, old_path=src/main/java/com/twilio/rest/numbers/v2/regulatorycompliance/SupportingDocumentDeleter.java, new_path=src/main/java/com/twilio/rest/numbers/v2/regulatorycompliance/SupportingDocumentDeleter.java, old_lines=[41], new_lines=[41], category=ONE_TO_ONE)",5,5,4,175
"Diff(project=twilio/twilio-java, old_sha=6bde6b44afc05124ce958ff244a25174fc3c293b, new_sha=a91fc14b6885362e8241aeb212d3725535580552, old_path=src/main/java/com/twilio/rest/numbers/v2/regulatorycompliance/SupportingDocumentFetcher.java, new_path=src/main/java/com/twilio/rest/numbers/v2/regulatorycompliance/SupportingDocumentFetcher.java, old_lines=[42], new_lines=[42], category=ONE_TO_ONE)",5,5,4,175
"Diff(project=twilio/twilio-java, old_sha=6bde6b44afc05124ce958ff244a25174fc3c293b, new_sha=a91fc14b6885362e8241aeb212d3725535580552, old_path=src/main/java/com/twilio/rest/numbers/v2/regulatorycompliance/SupportingDocumentTypeFetcher.java, new_path=src/main/java/com/twilio/rest/numbers/v2/regulatorycompliance/SupportingDocumentTypeFetcher.java, old_lines=[42], new_lines=[42], category=ONE_TO_ONE)",5,5,4,175
"Diff(project=twilio/twilio-java, old_sha=6bde6b44afc05124ce958ff244a25174fc3c293b, new_sha=a91fc14b6885362e8241aeb212d3725535580552, old_path=src/main/java/com/twilio/rest/numbers/v2/regulatorycompliance/SupportingDocumentUpdater.java, new_path=src/main/java/com/twilio/rest/numbers/v2/regulatorycompliance/SupportingDocumentUpdater.java, old_lines=[54], new_lines=[54], category=ONE_TO_ONE)",5,5,5,175
"Diff(project=twilio/twilio-java, old_sha=6bde6b44afc05124ce958ff244a25174fc3c293b, new_sha=a91fc14b6885362e8241aeb212d3725535580552, old_path=src/main/java/com/twilio/rest/numbers/v2/regulatorycompliance/bundle/BundleCopyCreator.java, new_path=src/main/java/com/twilio/rest/numbers/v2/regulatorycompliance/bundle/BundleCopyCreator.java, old_lines=[47], new_lines=[47], category=ONE_TO_ONE)",5,5,5,175
"Diff(project=twilio/twilio-java, old_sha=6bde6b44afc05124ce958ff244a25174fc3c293b, new_sha=a91fc14b6885362e8241aeb212d3725535580552, old_path=src/main/java/com/twilio/rest/numbers/v2/regulatorycompliance/bundle/BundleCopyReader.java, new_path=src/main/java/com/twilio/rest/numbers/v2/regulatorycompliance/bundle/BundleCopyReader.java, old_lines=[51], new_lines=[51], category=ONE_TO_ONE)",7,1,1,175
"Diff(project=twilio/twilio-java, old_sha=6bde6b44afc05124ce958ff244a25174fc3c293b, new_sha=a91fc14b6885362e8241aeb212d3725535580552, old_path=src/main/java/com/twilio/rest/numbers/v2/regulatorycompliance/bundle/EvaluationCreator.java, new_path=src/main/java/com/twilio/rest/numbers/v2/regulatorycompliance/bundle/EvaluationCreator.java, old_lines=[42], new_lines=[42], category=ONE_TO_ONE)",5,5,4,175
"Diff(project=twilio/twilio-java, old_sha=6bde6b44afc05124ce958ff244a25174fc3c293b, new_sha=a91fc14b6885362e8241aeb212d3725535580552, old_path=src/main/java/com/twilio/rest/numbers/v2/regulatorycompliance/bundle/EvaluationReader.java, new_path=src/main/java/com/twilio/rest/numbers/v2/regulatorycompliance/bundle/EvaluationReader.java, old_lines=[51], new_lines=[51], category=ONE_TO_ONE)",7,1,1,175
"Diff(project=twilio/twilio-java, old_sha=6bde6b44afc05124ce958ff244a25174fc3c293b, new_sha=a91fc14b6885362e8241aeb212d3725535580552, old_path=src/main/java/com/twilio/rest/numbers/v2/regulatorycompliance/bundle/ItemAssignmentCreator.java, new_path=src/main/java/com/twilio/rest/numbers/v2/regulatorycompliance/bundle/ItemAssignmentCreator.java, old_lines=[48], new_lines=[48], category=ONE_TO_ONE)",5,1,1,175
"Diff(project=twilio/twilio-java, old_sha=6bde6b44afc05124ce958ff244a25174fc3c293b, new_sha=a91fc14b6885362e8241aeb212d3725535580552, old_path=src/main/java/com/twilio/rest/numbers/v2/regulatorycompliance/bundle/ItemAssignmentReader.java, new_path=src/main/java/com/twilio/rest/numbers/v2/regulatorycompliance/bundle/ItemAssignmentReader.java, old_lines=[51], new_lines=[51], category=ONE_TO_ONE)",7,1,1,175
"Diff(project=twilio/twilio-java, old_sha=6bde6b44afc05124ce958ff244a25174fc3c293b, new_sha=a91fc14b6885362e8241aeb212d3725535580552, old_path=src/main/java/com/twilio/rest/numbers/v2/regulatorycompliance/bundle/ReplaceItemsCreator.java, new_path=src/main/java/com/twilio/rest/numbers/v2/regulatorycompliance/bundle/ReplaceItemsCreator.java, old_lines=[48], new_lines=[48], category=ONE_TO_ONE)",5,1,1,175
"Diff(project=twilio/twilio-java, old_sha=6bde6b44afc05124ce958ff244a25174fc3c293b, new_sha=a91fc14b6885362e8241aeb212d3725535580552, old_path=src/main/java/com/twilio/rest/preview/deployedDevices/FleetDeleter.java, new_path=src/main/java/com/twilio/rest/preview/deployedDevices/FleetDeleter.java, old_lines=[41], new_lines=[41], category=ONE_TO_ONE)",5,5,5,131
"Diff(project=twilio/twilio-java, old_sha=6bde6b44afc05124ce958ff244a25174fc3c293b, new_sha=a91fc14b6885362e8241aeb212d3725535580552, old_path=src/main/java/com/twilio/rest/preview/deployedDevices/FleetFetcher.java, new_path=src/main/java/com/twilio/rest/preview/deployedDevices/FleetFetcher.java, old_lines=[42], new_lines=[42], category=ONE_TO_ONE)",5,5,5,131
"Diff(project=twilio/twilio-java, old_sha=6bde6b44afc05124ce958ff244a25174fc3c293b, new_sha=a91fc14b6885362e8241aeb212d3725535580552, old_path=src/main/java/com/twilio/rest/preview/deployedDevices/FleetUpdater.java, new_path=src/main/java/com/twilio/rest/preview/deployedDevices/FleetUpdater.java, old_lines=[52], new_lines=[52], category=ONE_TO_ONE)",5,5,5,131
"Diff(project=twilio/twilio-java, old_sha=6bde6b44afc05124ce958ff244a25174fc3c293b, new_sha=a91fc14b6885362e8241aeb212d3725535580552, old_path=src/main/java/com/twilio/rest/preview/deployedDevices/fleet/CertificateCreator.java, new_path=src/main/java/com/twilio/rest/preview/deployedDevices/fleet/CertificateCreator.java, old_lines=[58], new_lines=[58], category=ONE_TO_ONE)",5,2,2,175
"Diff(project=twilio/twilio-java, old_sha=6bde6b44afc05124ce958ff244a25174fc3c293b, new_sha=a91fc14b6885362e8241aeb212d3725535580552, old_path=src/main/java/com/twilio/rest/preview/deployedDevices/fleet/CertificateReader.java, new_path=src/main/java/com/twilio/rest/preview/deployedDevices/fleet/CertificateReader.java, old_lines=[56], new_lines=[56], category=ONE_TO_ONE)",6,2,2,131
"Diff(project=twilio/twilio-java, old_sha=6bde6b44afc05124ce958ff244a25174fc3c293b, new_sha=a91fc14b6885362e8241aeb212d3725535580552, old_path=src/main/java/com/twilio/rest/preview/deployedDevices/fleet/DeploymentCreator.java, new_path=src/main/java/com/twilio/rest/preview/deployedDevices/fleet/DeploymentCreator.java, old_lines=[52], new_lines=[52], category=ONE_TO_ONE)",5,5,5,131
"Diff(project=twilio/twilio-java, old_sha=6bde6b44afc05124ce958ff244a25174fc3c293b, new_sha=a91fc14b6885362e8241aeb212d3725535580552, old_path=src/main/java/com/twilio/rest/preview/deployedDevices/fleet/DeploymentReader.java, new_path=src/main/java/com/twilio/rest/preview/deployedDevices/fleet/DeploymentReader.java, old_lines=[51], new_lines=[51], category=ONE_TO_ONE)",6,2,2,131
"Diff(project=twilio/twilio-java, old_sha=6bde6b44afc05124ce958ff244a25174fc3c293b, new_sha=a91fc14b6885362e8241aeb212d3725535580552, old_path=src/main/java/com/twilio/rest/preview/deployedDevices/fleet/DeviceCreator.java, new_path=src/main/java/com/twilio/rest/preview/deployedDevices/fleet/DeviceCreator.java, old_lines=[67], new_lines=[67], category=ONE_TO_ONE)",5,5,5,131
"Diff(project=twilio/twilio-java, old_sha=6bde6b44afc05124ce958ff244a25174fc3c293b, new_sha=a91fc14b6885362e8241aeb212d3725535580552, old_path=src/main/java/com/twilio/rest/preview/deployedDevices/fleet/DeviceReader.java, new_path=src/main/java/com/twilio/rest/preview/deployedDevices/fleet/DeviceReader.java, old_lines=[56], new_lines=[56], category=ONE_TO_ONE)",6,2,2,131
"Diff(project=twilio/twilio-java, old_sha=6bde6b44afc05124ce958ff244a25174fc3c293b, new_sha=a91fc14b6885362e8241aeb212d3725535580552, old_path=src/main/java/com/twilio/rest/preview/deployedDevices/fleet/KeyCreator.java, new_path=src/main/java/com/twilio/rest/preview/deployedDevices/fleet/KeyCreator.java, old_lines=[52], new_lines=[52], category=ONE_TO_ONE)",5,5,5,131
"Diff(project=twilio/twilio-java, old_sha=6bde6b44afc05124ce958ff244a25174fc3c293b, new_sha=a91fc14b6885362e8241aeb212d3725535580552, old_path=src/main/java/com/twilio/rest/preview/deployedDevices/fleet/KeyReader.java, new_path=src/main/java/com/twilio/rest/preview/deployedDevices/fleet/KeyReader.java, old_lines=[56], new_lines=[56], category=ONE_TO_ONE)",6,2,2,131
"Diff(project=twilio/twilio-java, old_sha=6bde6b44afc05124ce958ff244a25174fc3c293b, new_sha=a91fc14b6885362e8241aeb212d3725535580552, old_path=src/main/java/com/twilio/rest/preview/hostedNumbers/AuthorizationDocumentFetcher.java, new_path=src/main/java/com/twilio/rest/preview/hostedNumbers/AuthorizationDocumentFetcher.java, old_lines=[42], new_lines=[42], category=ONE_TO_ONE)",5,5,4,175
"Diff(project=twilio/twilio-java, old_sha=6bde6b44afc05124ce958ff244a25174fc3c293b, new_sha=a91fc14b6885362e8241aeb212d3725535580552, old_path=src/main/java/com/twilio/rest/preview/hostedNumbers/AuthorizationDocumentUpdater.java, new_path=src/main/java/com/twilio/rest/preview/hostedNumbers/AuthorizationDocumentUpdater.java, old_lines=[85], new_lines=[85], category=ONE_TO_ONE)",6,5,5,175
"Diff(project=twilio/twilio-java, old_sha=6bde6b44afc05124ce958ff244a25174fc3c293b, new_sha=a91fc14b6885362e8241aeb212d3725535580552, old_path=src/main/java/com/twilio/rest/preview/hostedNumbers/HostedNumberOrderDeleter.java, new_path=src/main/java/com/twilio/rest/preview/hostedNumbers/HostedNumberOrderDeleter.java, old_lines=[41], new_lines=[41], category=ONE_TO_ONE)",5,5,4,175
"Diff(project=twilio/twilio-java, old_sha=6bde6b44afc05124ce958ff244a25174fc3c293b, new_sha=a91fc14b6885362e8241aeb212d3725535580552, old_path=src/main/java/com/twilio/rest/preview/hostedNumbers/HostedNumberOrderFetcher.java, new_path=src/main/java/com/twilio/rest/preview/hostedNumbers/HostedNumberOrderFetcher.java, old_lines=[42], new_lines=[42], category=ONE_TO_ONE)",5,5,4,175
"Diff(project=twilio/twilio-java, old_sha=6bde6b44afc05124ce958ff244a25174fc3c293b, new_sha=a91fc14b6885362e8241aeb212d3725535580552, old_path=src/main/java/com/twilio/rest/preview/hostedNumbers/HostedNumberOrderUpdater.java, new_path=src/main/java/com/twilio/rest/preview/hostedNumbers/HostedNumberOrderUpdater.java, old_lines=[97], new_lines=[97], category=ONE_TO_ONE)",6,5,5,175
"Diff(project=twilio/twilio-java, old_sha=6bde6b44afc05124ce958ff244a25174fc3c293b, new_sha=a91fc14b6885362e8241aeb212d3725535580552, old_path=src/main/java/com/twilio/rest/preview/hostedNumbers/authorizationdocument/DependentHostedNumberOrderReader.java, new_path=src/main/java/com/twilio/rest/preview/hostedNumbers/authorizationdocument/DependentHostedNumberOrderReader.java, old_lines=[81], new_lines=[81], category=ONE_TO_ONE)",8,2,2,175
"Diff(project=twilio/twilio-java, old_sha=6bde6b44afc05124ce958ff244a25174fc3c293b, new_sha=a91fc14b6885362e8241aeb212d3725535580552, old_path=src/main/java/com/twilio/rest/preview/marketplace/AvailableAddOnFetcher.java, new_path=src/main/java/com/twilio/rest/preview/marketplace/AvailableAddOnFetcher.java, old_lines=[42], new_lines=[42], category=ONE_TO_ONE)",5,5,4,175
"Diff(project=twilio/twilio-java, old_sha=6bde6b44afc05124ce958ff244a25174fc3c293b, new_sha=a91fc14b6885362e8241aeb212d3725535580552, old_path=src/main/java/com/twilio/rest/preview/marketplace/InstalledAddOnDeleter.java, new_path=src/main/java/com/twilio/rest/preview/marketplace/InstalledAddOnDeleter.java, old_lines=[41], new_lines=[41], category=ONE_TO_ONE)",5,5,4,175
"Diff(project=twilio/twilio-java, old_sha=6bde6b44afc05124ce958ff244a25174fc3c293b, new_sha=a91fc14b6885362e8241aeb212d3725535580552, old_path=src/main/java/com/twilio/rest/preview/marketplace/InstalledAddOnFetcher.java, new_path=src/main/java/com/twilio/rest/preview/marketplace/InstalledAddOnFetcher.java, old_lines=[42], new_lines=[42], category=ONE_TO_ONE)",5,5,4,175
"Diff(project=twilio/twilio-java, old_sha=6bde6b44afc05124ce958ff244a25174fc3c293b, new_sha=a91fc14b6885362e8241aeb212d3725535580552, old_path=src/main/java/com/twilio/rest/preview/marketplace/InstalledAddOnUpdater.java, new_path=src/main/java/com/twilio/rest/preview/marketplace/InstalledAddOnUpdater.java, old_lines=[54], new_lines=[54], category=ONE_TO_ONE)",5,5,5,175
"Diff(project=twilio/twilio-java, old_sha=6bde6b44afc05124ce958ff244a25174fc3c293b, new_sha=a91fc14b6885362e8241aeb212d3725535580552, old_path=src/main/java/com/twilio/rest/preview/marketplace/installedaddon/InstalledAddOnExtensionReader.java, new_path=src/main/java/com/twilio/rest/preview/marketplace/installedaddon/InstalledAddOnExtensionReader.java, old_lines=[51], new_lines=[51], category=ONE_TO_ONE)",7,2,1,175
"Diff(project=twilio/twilio-java, old_sha=6bde6b44afc05124ce958ff244a25174fc3c293b, new_sha=a91fc14b6885362e8241aeb212d3725535580552, old_path=src/main/java/com/twilio/rest/preview/sync/ServiceDeleter.java, new_path=src/main/java/com/twilio/rest/preview/sync/ServiceDeleter.java, old_lines=[41], new_lines=[41], category=ONE_TO_ONE)",5,5,5,158
"Diff(project=twilio/twilio-java, old_sha=6bde6b44afc05124ce958ff244a25174fc3c293b, new_sha=a91fc14b6885362e8241aeb212d3725535580552, old_path=src/main/java/com/twilio/rest/preview/sync/ServiceFetcher.java, new_path=src/main/java/com/twilio/rest/preview/sync/ServiceFetcher.java, old_lines=[42], new_lines=[42], category=ONE_TO_ONE)",5,5,5,158
"Diff(project=twilio/twilio-java, old_sha=6bde6b44afc05124ce958ff244a25174fc3c293b, new_sha=a91fc14b6885362e8241aeb212d3725535580552, old_path=src/main/java/com/twilio/rest/preview/sync/ServiceUpdater.java, new_path=src/main/java/com/twilio/rest/preview/sync/ServiceUpdater.java, old_lines=[68], new_lines=[68], category=ONE_TO_ONE)",6,5,5,158
"Diff(project=twilio/twilio-java, old_sha=6bde6b44afc05124ce958ff244a25174fc3c293b, new_sha=a91fc14b6885362e8241aeb212d3725535580552, old_path=src/main/java/com/twilio/rest/preview/sync/service/DocumentCreator.java, new_path=src/main/java/com/twilio/rest/preview/sync/service/DocumentCreator.java, old_lines=[56], new_lines=[56], category=ONE_TO_ONE)",5,5,5,158
"Diff(project=twilio/twilio-java, old_sha=6bde6b44afc05124ce958ff244a25174fc3c293b, new_sha=a91fc14b6885362e8241aeb212d3725535580552, old_path=src/main/java/com/twilio/rest/preview/sync/service/SyncListCreator.java, new_path=src/main/java/com/twilio/rest/preview/sync/service/SyncListCreator.java, old_lines=[47], new_lines=[47], category=ONE_TO_ONE)",5,5,5,158
"Diff(project=twilio/twilio-java, old_sha=6bde6b44afc05124ce958ff244a25174fc3c293b, new_sha=a91fc14b6885362e8241aeb212d3725535580552, old_path=src/main/java/com/twilio/rest/preview/sync/service/SyncListReader.java, new_path=src/main/java/com/twilio/rest/preview/sync/service/SyncListReader.java, old_lines=[51], new_lines=[51], category=ONE_TO_ONE)",7,2,2,158
"Diff(project=twilio/twilio-java, old_sha=6bde6b44afc05124ce958ff244a25174fc3c293b, new_sha=a91fc14b6885362e8241aeb212d3725535580552, old_path=src/main/java/com/twilio/rest/preview/sync/service/SyncMapReader.java, new_path=src/main/java/com/twilio/rest/preview/sync/service/SyncMapReader.java, old_lines=[51], new_lines=[51], category=ONE_TO_ONE)",7,2,2,158
"Diff(project=twilio/twilio-java, old_sha=6bde6b44afc05124ce958ff244a25174fc3c293b, new_sha=a91fc14b6885362e8241aeb212d3725535580552, old_path=src/main/java/com/twilio/rest/preview/trustedComms/BrandedChannelFetcher.java, new_path=src/main/java/com/twilio/rest/preview/trustedComms/BrandedChannelFetcher.java, old_lines=[42], new_lines=[42], category=ONE_TO_ONE)",1,1,1,175
"Diff(project=twilio/twilio-java, old_sha=6bde6b44afc05124ce958ff244a25174fc3c293b, new_sha=a91fc14b6885362e8241aeb212d3725535580552, old_path=src/main/java/com/twilio/rest/preview/trustedComms/brandedchannel/ChannelCreator.java, new_path=src/main/java/com/twilio/rest/preview/trustedComms/brandedchannel/ChannelCreator.java, old_lines=[48], new_lines=[48], category=ONE_TO_ONE)",1,1,1,175
"Diff(project=twilio/twilio-java, old_sha=6bde6b44afc05124ce958ff244a25174fc3c293b, new_sha=a91fc14b6885362e8241aeb212d3725535580552, old_path=src/main/java/com/twilio/rest/preview/understand/AssistantDeleter.java, new_path=src/main/java/com/twilio/rest/preview/understand/AssistantDeleter.java, old_lines=[41], new_lines=[41], category=ONE_TO_ONE)",2,2,2,82
"Diff(project=twilio/twilio-java, old_sha=6bde6b44afc05124ce958ff244a25174fc3c293b, new_sha=a91fc14b6885362e8241aeb212d3725535580552, old_path=src/main/java/com/twilio/rest/preview/understand/AssistantFetcher.java, new_path=src/main/java/com/twilio/rest/preview/understand/AssistantFetcher.java, old_lines=[42], new_lines=[42], category=ONE_TO_ONE)",2,2,2,82
"Diff(project=twilio/twilio-java, old_sha=6bde6b44afc05124ce958ff244a25174fc3c293b, new_sha=a91fc14b6885362e8241aeb212d3725535580552, old_path=src/main/java/com/twilio/rest/preview/understand/AssistantUpdater.java, new_path=src/main/java/com/twilio/rest/preview/understand/AssistantUpdater.java, old_lines=[90], new_lines=[90], category=ONE_TO_ONE)",4,3,3,82
"Diff(project=twilio/twilio-java, old_sha=6bde6b44afc05124ce958ff244a25174fc3c293b, new_sha=a91fc14b6885362e8241aeb212d3725535580552, old_path=src/main/java/com/twilio/rest/preview/wireless/CommandFetcher.java, new_path=src/main/java/com/twilio/rest/preview/wireless/CommandFetcher.java, old_lines=[42], new_lines=[42], category=ONE_TO_ONE)",5,5,4,175
"Diff(project=twilio/twilio-java, old_sha=6bde6b44afc05124ce958ff244a25174fc3c293b, new_sha=a91fc14b6885362e8241aeb212d3725535580552, old_path=src/main/java/com/twilio/rest/preview/wireless/RatePlanDeleter.java, new_path=src/main/java/com/twilio/rest/preview/wireless/RatePlanDeleter.java, old_lines=[41], new_lines=[41], category=ONE_TO_ONE)",5,5,4,175
"Diff(project=twilio/twilio-java, old_sha=6bde6b44afc05124ce958ff244a25174fc3c293b, new_sha=a91fc14b6885362e8241aeb212d3725535580552, old_path=src/main/java/com/twilio/rest/preview/wireless/RatePlanFetcher.java, new_path=src/main/java/com/twilio/rest/preview/wireless/RatePlanFetcher.java, old_lines=[42], new_lines=[42], category=ONE_TO_ONE)",5,5,4,175
"Diff(project=twilio/twilio-java, old_sha=6bde6b44afc05124ce958ff244a25174fc3c293b, new_sha=a91fc14b6885362e8241aeb212d3725535580552, old_path=src/main/java/com/twilio/rest/preview/wireless/RatePlanUpdater.java, new_path=src/main/java/com/twilio/rest/preview/wireless/RatePlanUpdater.java, old_lines=[52], new_lines=[52], category=ONE_TO_ONE)",5,5,5,175
"Diff(project=twilio/twilio-java, old_sha=6bde6b44afc05124ce958ff244a25174fc3c293b, new_sha=a91fc14b6885362e8241aeb212d3725535580552, old_path=src/main/java/com/twilio/rest/preview/wireless/SimFetcher.java, new_path=src/main/java/com/twilio/rest/preview/wireless/SimFetcher.java, old_lines=[42], new_lines=[42], category=ONE_TO_ONE)",5,5,4,175
"Diff(project=twilio/twilio-java, old_sha=6bde6b44afc05124ce958ff244a25174fc3c293b, new_sha=a91fc14b6885362e8241aeb212d3725535580552, old_path=src/main/java/com/twilio/rest/preview/wireless/SimUpdater.java, new_path=src/main/java/com/twilio/rest/preview/wireless/SimUpdater.java, old_lines=[148], new_lines=[148], category=ONE_TO_ONE)",6,5,5,175
"Diff(project=twilio/twilio-java, old_sha=6bde6b44afc05124ce958ff244a25174fc3c293b, new_sha=a91fc14b6885362e8241aeb212d3725535580552, old_path=src/main/java/com/twilio/rest/preview/wireless/sim/UsageFetcher.java, new_path=src/main/java/com/twilio/rest/preview/wireless/sim/UsageFetcher.java, old_lines=[52], new_lines=[52], category=ONE_TO_ONE)",5,5,4,175
"Diff(project=twilio/twilio-java, old_sha=6bde6b44afc05124ce958ff244a25174fc3c293b, new_sha=a91fc14b6885362e8241aeb212d3725535580552, old_path=src/main/java/com/twilio/rest/pricing/v1/messaging/CountryFetcher.java, new_path=src/main/java/com/twilio/rest/pricing/v1/messaging/CountryFetcher.java, old_lines=[42], new_lines=[42], category=ONE_TO_ONE)",5,5,4,175
"Diff(project=twilio/twilio-java, old_sha=6bde6b44afc05124ce958ff244a25174fc3c293b, new_sha=a91fc14b6885362e8241aeb212d3725535580552, old_path=src/main/java/com/twilio/rest/pricing/v1/phonenumber/CountryFetcher.java, new_path=src/main/java/com/twilio/rest/pricing/v1/phonenumber/CountryFetcher.java, old_lines=[42], new_lines=[42], category=ONE_TO_ONE)",5,5,4,175
"Diff(project=twilio/twilio-java, old_sha=6bde6b44afc05124ce958ff244a25174fc3c293b, new_sha=a91fc14b6885362e8241aeb212d3725535580552, old_path=src/main/java/com/twilio/rest/pricing/v1/voice/CountryFetcher.java, new_path=src/main/java/com/twilio/rest/pricing/v1/voice/CountryFetcher.java, old_lines=[42], new_lines=[42], category=ONE_TO_ONE)",5,5,4,175
"Diff(project=twilio/twilio-java, old_sha=6bde6b44afc05124ce958ff244a25174fc3c293b, new_sha=a91fc14b6885362e8241aeb212d3725535580552, old_path=src/main/java/com/twilio/rest/pricing/v1/voice/NumberFetcher.java, new_path=src/main/java/com/twilio/rest/pricing/v1/voice/NumberFetcher.java, old_lines=[42], new_lines=[42], category=ONE_TO_ONE)",5,5,4,175
"Diff(project=twilio/twilio-java, old_sha=6bde6b44afc05124ce958ff244a25174fc3c293b, new_sha=a91fc14b6885362e8241aeb212d3725535580552, old_path=src/main/java/com/twilio/rest/pricing/v2/CountryFetcher.java, new_path=src/main/java/com/twilio/rest/pricing/v2/CountryFetcher.java, old_lines=[42], new_lines=[42], category=ONE_TO_ONE)",5,5,4,175
"Diff(project=twilio/twilio-java, old_sha=6bde6b44afc05124ce958ff244a25174fc3c293b, new_sha=a91fc14b6885362e8241aeb212d3725535580552, old_path=src/main/java/com/twilio/rest/pricing/v2/NumberFetcher.java, new_path=src/main/java/com/twilio/rest/pricing/v2/NumberFetcher.java, old_lines=[52], new_lines=[52], category=ONE_TO_ONE)",6,5,4,175
"Diff(project=twilio/twilio-java, old_sha=6bde6b44afc05124ce958ff244a25174fc3c293b, new_sha=a91fc14b6885362e8241aeb212d3725535580552, old_path=src/main/java/com/twilio/rest/pricing/v2/voice/CountryFetcher.java, new_path=src/main/java/com/twilio/rest/pricing/v2/voice/CountryFetcher.java, old_lines=[42], new_lines=[42], category=ONE_TO_ONE)",5,5,4,175
"Diff(project=twilio/twilio-java, old_sha=6bde6b44afc05124ce958ff244a25174fc3c293b, new_sha=a91fc14b6885362e8241aeb212d3725535580552, old_path=src/main/java/com/twilio/rest/pricing/v2/voice/NumberFetcher.java, new_path=src/main/java/com/twilio/rest/pricing/v2/voice/NumberFetcher.java, old_lines=[52], new_lines=[52], category=ONE_TO_ONE)",6,5,4,175
"Diff(project=twilio/twilio-java, old_sha=6bde6b44afc05124ce958ff244a25174fc3c293b, new_sha=a91fc14b6885362e8241aeb212d3725535580552, old_path=src/main/java/com/twilio/rest/proxy/v1/ServiceDeleter.java, new_path=src/main/java/com/twilio/rest/proxy/v1/ServiceDeleter.java, old_lines=[41], new_lines=[41], category=ONE_TO_ONE)",5,5,4,175
"Diff(project=twilio/twilio-java, old_sha=6bde6b44afc05124ce958ff244a25174fc3c293b, new_sha=a91fc14b6885362e8241aeb212d3725535580552, old_path=src/main/java/com/twilio/rest/proxy/v1/ServiceFetcher.java, new_path=src/main/java/com/twilio/rest/proxy/v1/ServiceFetcher.java, old_lines=[42], new_lines=[42], category=ONE_TO_ONE)",5,5,4,175
"Diff(project=twilio/twilio-java, old_sha=6bde6b44afc05124ce958ff244a25174fc3c293b, new_sha=a91fc14b6885362e8241aeb212d3725535580552, old_path=src/main/java/com/twilio/rest/proxy/v1/ServiceUpdater.java, new_path=src/main/java/com/twilio/rest/proxy/v1/ServiceUpdater.java, old_lines=[96], new_lines=[96], category=ONE_TO_ONE)",6,5,5,175
"Diff(project=twilio/twilio-java, old_sha=6bde6b44afc05124ce958ff244a25174fc3c293b, new_sha=a91fc14b6885362e8241aeb212d3725535580552, old_path=src/main/java/com/twilio/rest/proxy/v1/service/PhoneNumberCreator.java, new_path=src/main/java/com/twilio/rest/proxy/v1/service/PhoneNumberCreator.java, old_lines=[62], new_lines=[62], category=ONE_TO_ONE)",6,5,5,175
"Diff(project=twilio/twilio-java, old_sha=6bde6b44afc05124ce958ff244a25174fc3c293b, new_sha=a91fc14b6885362e8241aeb212d3725535580552, old_path=src/main/java/com/twilio/rest/proxy/v1/service/PhoneNumberReader.java, new_path=src/main/java/com/twilio/rest/proxy/v1/service/PhoneNumberReader.java, old_lines=[51], new_lines=[51], category=ONE_TO_ONE)",7,1,1,175
"Diff(project=twilio/twilio-java, old_sha=6bde6b44afc05124ce958ff244a25174fc3c293b, new_sha=a91fc14b6885362e8241aeb212d3725535580552, old_path=src/main/java/com/twilio/rest/proxy/v1/service/SessionCreator.java, new_path=src/main/java/com/twilio/rest/proxy/v1/service/SessionCreator.java, old_lines=[88], new_lines=[88], category=ONE_TO_ONE)",7,5,5,175
"Diff(project=twilio/twilio-java, old_sha=6bde6b44afc05124ce958ff244a25174fc3c293b, new_sha=a91fc14b6885362e8241aeb212d3725535580552, old_path=src/main/java/com/twilio/rest/proxy/v1/service/SessionReader.java, new_path=src/main/java/com/twilio/rest/proxy/v1/service/SessionReader.java, old_lines=[51], new_lines=[51], category=ONE_TO_ONE)",7,1,1,175
"Diff(project=twilio/twilio-java, old_sha=6bde6b44afc05124ce958ff244a25174fc3c293b, new_sha=a91fc14b6885362e8241aeb212d3725535580552, old_path=src/main/java/com/twilio/rest/proxy/v1/service/ShortCodeCreator.java, new_path=src/main/java/com/twilio/rest/proxy/v1/service/ShortCodeCreator.java, old_lines=[48], new_lines=[48], category=ONE_TO_ONE)",5,5,5,175
"Diff(project=twilio/twilio-java, old_sha=6bde6b44afc05124ce958ff244a25174fc3c293b, new_sha=a91fc14b6885362e8241aeb212d3725535580552, old_path=src/main/java/com/twilio/rest/proxy/v1/service/ShortCodeReader.java, new_path=src/main/java/com/twilio/rest/proxy/v1/service/ShortCodeReader.java, old_lines=[51], new_lines=[51], category=ONE_TO_ONE)",7,1,1,175
"Diff(project=twilio/twilio-java, old_sha=6bde6b44afc05124ce958ff244a25174fc3c293b, new_sha=a91fc14b6885362e8241aeb212d3725535580552, old_path=src/main/java/com/twilio/rest/routes/v2/SipDomainFetcher.java, new_path=src/main/java/com/twilio/rest/routes/v2/SipDomainFetcher.java, old_lines=[42], new_lines=[42], category=ONE_TO_ONE)",5,5,4,175
"Diff(project=twilio/twilio-java, old_sha=6bde6b44afc05124ce958ff244a25174fc3c293b, new_sha=a91fc14b6885362e8241aeb212d3725535580552, old_path=src/main/java/com/twilio/rest/routes/v2/SipDomainUpdater.java, new_path=src/main/java/com/twilio/rest/routes/v2/SipDomainUpdater.java, old_lines=[52], new_lines=[52], category=ONE_TO_ONE)",5,5,5,175
"Diff(project=twilio/twilio-java, old_sha=6bde6b44afc05124ce958ff244a25174fc3c293b, new_sha=a91fc14b6885362e8241aeb212d3725535580552, old_path=src/main/java/com/twilio/rest/routes/v2/TrunkFetcher.java, new_path=src/main/java/com/twilio/rest/routes/v2/TrunkFetcher.java, old_lines=[42], new_lines=[42], category=ONE_TO_ONE)",5,5,4,175
"Diff(project=twilio/twilio-java, old_sha=6bde6b44afc05124ce958ff244a25174fc3c293b, new_sha=a91fc14b6885362e8241aeb212d3725535580552, old_path=src/main/java/com/twilio/rest/routes/v2/TrunkUpdater.java, new_path=src/main/java/com/twilio/rest/routes/v2/TrunkUpdater.java, old_lines=[52], new_lines=[52], category=ONE_TO_ONE)",5,5,5,175
"Diff(project=twilio/twilio-java, old_sha=6bde6b44afc05124ce958ff244a25174fc3c293b, new_sha=a91fc14b6885362e8241aeb212d3725535580552, old_path=src/main/java/com/twilio/rest/serverless/v1/ServiceDeleter.java, new_path=src/main/java/com/twilio/rest/serverless/v1/ServiceDeleter.java, old_lines=[41], new_lines=[41], category=ONE_TO_ONE)",5,5,4,175
"Diff(project=twilio/twilio-java, old_sha=6bde6b44afc05124ce958ff244a25174fc3c293b, new_sha=a91fc14b6885362e8241aeb212d3725535580552, old_path=src/main/java/com/twilio/rest/serverless/v1/ServiceFetcher.java, new_path=src/main/java/com/twilio/rest/serverless/v1/ServiceFetcher.java, old_lines=[42], new_lines=[42], category=ONE_TO_ONE)",5,5,4,175
"Diff(project=twilio/twilio-java, old_sha=6bde6b44afc05124ce958ff244a25174fc3c293b, new_sha=a91fc14b6885362e8241aeb212d3725535580552, old_path=src/main/java/com/twilio/rest/serverless/v1/ServiceUpdater.java, new_path=src/main/java/com/twilio/rest/serverless/v1/ServiceUpdater.java, old_lines=[57], new_lines=[57], category=ONE_TO_ONE)",5,5,5,175
"Diff(project=twilio/twilio-java, old_sha=6bde6b44afc05124ce958ff244a25174fc3c293b, new_sha=a91fc14b6885362e8241aeb212d3725535580552, old_path=src/main/java/com/twilio/rest/serverless/v1/service/AssetCreator.java, new_path=src/main/java/com/twilio/rest/serverless/v1/service/AssetCreator.java, old_lines=[48], new_lines=[48], category=ONE_TO_ONE)",5,1,1,175
"Diff(project=twilio/twilio-java, old_sha=6bde6b44afc05124ce958ff244a25174fc3c293b, new_sha=a91fc14b6885362e8241aeb212d3725535580552, old_path=src/main/java/com/twilio/rest/serverless/v1/service/AssetReader.java, new_path=src/main/java/com/twilio/rest/serverless/v1/service/AssetReader.java, old_lines=[51], new_lines=[51], category=ONE_TO_ONE)",7,1,1,175
"Diff(project=twilio/twilio-java, old_sha=6bde6b44afc05124ce958ff244a25174fc3c293b, new_sha=a91fc14b6885362e8241aeb212d3725535580552, old_path=src/main/java/com/twilio/rest/serverless/v1/service/BuildCreator.java, new_path=src/main/java/com/twilio/rest/serverless/v1/service/BuildCreator.java, old_lines=[71], new_lines=[71], category=ONE_TO_ONE)",6,5,5,175
"Diff(project=twilio/twilio-java, old_sha=6bde6b44afc05124ce958ff244a25174fc3c293b, new_sha=a91fc14b6885362e8241aeb212d3725535580552, old_path=src/main/java/com/twilio/rest/serverless/v1/service/BuildReader.java, new_path=src/main/java/com/twilio/rest/serverless/v1/service/BuildReader.java, old_lines=[51], new_lines=[51], category=ONE_TO_ONE)",7,1,1,175
"Diff(project=twilio/twilio-java, old_sha=6bde6b44afc05124ce958ff244a25174fc3c293b, new_sha=a91fc14b6885362e8241aeb212d3725535580552, old_path=src/main/java/com/twilio/rest/serverless/v1/service/EnvironmentCreator.java, new_path=src/main/java/com/twilio/rest/serverless/v1/service/EnvironmentCreator.java, old_lines=[53], new_lines=[53], category=ONE_TO_ONE)",5,2,2,175
"Diff(project=twilio/twilio-java, old_sha=6bde6b44afc05124ce958ff244a25174fc3c293b, new_sha=a91fc14b6885362e8241aeb212d3725535580552, old_path=src/main/java/com/twilio/rest/serverless/v1/service/EnvironmentReader.java, new_path=src/main/java/com/twilio/rest/serverless/v1/service/EnvironmentReader.java, old_lines=[51], new_lines=[51], category=ONE_TO_ONE)",7,1,1,175
"Diff(project=twilio/twilio-java, old_sha=6bde6b44afc05124ce958ff244a25174fc3c293b, new_sha=a91fc14b6885362e8241aeb212d3725535580552, old_path=src/main/java/com/twilio/rest/serverless/v1/service/FunctionCreator.java, new_path=src/main/java/com/twilio/rest/serverless/v1/service/FunctionCreator.java, old_lines=[48], new_lines=[48], category=ONE_TO_ONE)",5,1,1,175
"Diff(project=twilio/twilio-java, old_sha=6bde6b44afc05124ce958ff244a25174fc3c293b, new_sha=a91fc14b6885362e8241aeb212d3725535580552, old_path=src/main/java/com/twilio/rest/serverless/v1/service/FunctionReader.java, new_path=src/main/java/com/twilio/rest/serverless/v1/service/FunctionReader.java, old_lines=[51], new_lines=[51], category=ONE_TO_ONE)",7,1,1,175
"Diff(project=twilio/twilio-java, old_sha=6bde6b44afc05124ce958ff244a25174fc3c293b, new_sha=a91fc14b6885362e8241aeb212d3725535580552, old_path=src/main/java/com/twilio/rest/studio/v1/FlowDeleter.java, new_path=src/main/java/com/twilio/rest/studio/v1/FlowDeleter.java, old_lines=[41], new_lines=[41], category=ONE_TO_ONE)",5,5,4,175
"Diff(project=twilio/twilio-java, old_sha=6bde6b44afc05124ce958ff244a25174fc3c293b, new_sha=a91fc14b6885362e8241aeb212d3725535580552, old_path=src/main/java/com/twilio/rest/studio/v1/FlowFetcher.java, new_path=src/main/java/com/twilio/rest/studio/v1/FlowFetcher.java, old_lines=[42], new_lines=[42], category=ONE_TO_ONE)",5,5,4,175
"Diff(project=twilio/twilio-java, old_sha=6bde6b44afc05124ce958ff244a25174fc3c293b, new_sha=a91fc14b6885362e8241aeb212d3725535580552, old_path=src/main/java/com/twilio/rest/studio/v1/flow/EngagementCreator.java, new_path=src/main/java/com/twilio/rest/studio/v1/flow/EngagementCreator.java, old_lines=[72], new_lines=[72], category=ONE_TO_ONE)",6,2,1,175
"Diff(project=twilio/twilio-java, old_sha=6bde6b44afc05124ce958ff244a25174fc3c293b, new_sha=a91fc14b6885362e8241aeb212d3725535580552, old_path=src/main/java/com/twilio/rest/studio/v1/flow/EngagementReader.java, new_path=src/main/java/com/twilio/rest/studio/v1/flow/EngagementReader.java, old_lines=[51], new_lines=[51], category=ONE_TO_ONE)",7,1,1,175
"Diff(project=twilio/twilio-java, old_sha=6bde6b44afc05124ce958ff244a25174fc3c293b, new_sha=a91fc14b6885362e8241aeb212d3725535580552, old_path=src/main/java/com/twilio/rest/studio/v1/flow/ExecutionCreator.java, new_path=src/main/java/com/twilio/rest/studio/v1/flow/ExecutionCreator.java, old_lines=[72], new_lines=[72], category=ONE_TO_ONE)",6,2,1,175
"Diff(project=twilio/twilio-java, old_sha=6bde6b44afc05124ce958ff244a25174fc3c293b, new_sha=a91fc14b6885362e8241aeb212d3725535580552, old_path=src/main/java/com/twilio/rest/studio/v1/flow/ExecutionReader.java, new_path=src/main/java/com/twilio/rest/studio/v1/flow/ExecutionReader.java, old_lines=[62], new_lines=[62], category=ONE_TO_ONE)",7,1,1,175
"Diff(project=twilio/twilio-java, old_sha=6bde6b44afc05124ce958ff244a25174fc3c293b, new_sha=a91fc14b6885362e8241aeb212d3725535580552, old_path=src/main/java/com/twilio/rest/studio/v2/FlowDeleter.java, new_path=src/main/java/com/twilio/rest/studio/v2/FlowDeleter.java, old_lines=[41], new_lines=[41], category=ONE_TO_ONE)",5,5,4,175
"Diff(project=twilio/twilio-java, old_sha=6bde6b44afc05124ce958ff244a25174fc3c293b, new_sha=a91fc14b6885362e8241aeb212d3725535580552, old_path=src/main/java/com/twilio/rest/studio/v2/FlowFetcher.java, new_path=src/main/java/com/twilio/rest/studio/v2/FlowFetcher.java, old_lines=[42], new_lines=[42], category=ONE_TO_ONE)",5,5,4,175
"Diff(project=twilio/twilio-java, old_sha=6bde6b44afc05124ce958ff244a25174fc3c293b, new_sha=a91fc14b6885362e8241aeb212d3725535580552, old_path=src/main/java/com/twilio/rest/studio/v2/FlowUpdater.java, new_path=src/main/java/com/twilio/rest/studio/v2/FlowUpdater.java, old_lines=[65], new_lines=[65], category=ONE_TO_ONE)",5,1,1,175
"Diff(project=twilio/twilio-java, old_sha=6bde6b44afc05124ce958ff244a25174fc3c293b, new_sha=a91fc14b6885362e8241aeb212d3725535580552, old_path=src/main/java/com/twilio/rest/studio/v2/flow/ExecutionCreator.java, new_path=src/main/java/com/twilio/rest/studio/v2/flow/ExecutionCreator.java, old_lines=[72], new_lines=[72], category=ONE_TO_ONE)",6,2,1,175
"Diff(project=twilio/twilio-java, old_sha=6bde6b44afc05124ce958ff244a25174fc3c293b, new_sha=a91fc14b6885362e8241aeb212d3725535580552, old_path=src/main/java/com/twilio/rest/studio/v2/flow/ExecutionReader.java, new_path=src/main/java/com/twilio/rest/studio/v2/flow/ExecutionReader.java, old_lines=[62], new_lines=[62], category=ONE_TO_ONE)",7,1,1,175
"Diff(project=twilio/twilio-java, old_sha=6bde6b44afc05124ce958ff244a25174fc3c293b, new_sha=a91fc14b6885362e8241aeb212d3725535580552, old_path=src/main/java/com/twilio/rest/studio/v2/flow/FlowRevisionReader.java, new_path=src/main/java/com/twilio/rest/studio/v2/flow/FlowRevisionReader.java, old_lines=[51], new_lines=[51], category=ONE_TO_ONE)",7,1,1,175
"Diff(project=twilio/twilio-java, old_sha=6bde6b44afc05124ce958ff244a25174fc3c293b, new_sha=a91fc14b6885362e8241aeb212d3725535580552, old_path=src/main/java/com/twilio/rest/studio/v2/flow/FlowTestUserFetcher.java, new_path=src/main/java/com/twilio/rest/studio/v2/flow/FlowTestUserFetcher.java, old_lines=[42], new_lines=[42], category=ONE_TO_ONE)",5,5,4,175
"Diff(project=twilio/twilio-java, old_sha=6bde6b44afc05124ce958ff244a25174fc3c293b, new_sha=a91fc14b6885362e8241aeb212d3725535580552, old_path=src/main/java/com/twilio/rest/studio/v2/flow/FlowTestUserUpdater.java, new_path=src/main/java/com/twilio/rest/studio/v2/flow/FlowTestUserUpdater.java, old_lines=[53], new_lines=[53], category=ONE_TO_ONE)",6,2,2,175
"Diff(project=twilio/twilio-java, old_sha=6bde6b44afc05124ce958ff244a25174fc3c293b, new_sha=a91fc14b6885362e8241aeb212d3725535580552, old_path=src/main/java/com/twilio/rest/supersim/v1/EsimProfileFetcher.java, new_path=src/main/java/com/twilio/rest/supersim/v1/EsimProfileFetcher.java, old_lines=[42], new_lines=[42], category=ONE_TO_ONE)",5,5,4,175
"Diff(project=twilio/twilio-java, old_sha=6bde6b44afc05124ce958ff244a25174fc3c293b, new_sha=a91fc14b6885362e8241aeb212d3725535580552, old_path=src/main/java/com/twilio/rest/supersim/v1/FleetFetcher.java, new_path=src/main/java/com/twilio/rest/supersim/v1/FleetFetcher.java, old_lines=[42], new_lines=[42], category=ONE_TO_ONE)",5,5,4,175
"Diff(project=twilio/twilio-java, old_sha=6bde6b44afc05124ce958ff244a25174fc3c293b, new_sha=a91fc14b6885362e8241aeb212d3725535580552, old_path=src/main/java/com/twilio/rest/supersim/v1/FleetUpdater.java, new_path=src/main/java/com/twilio/rest/supersim/v1/FleetUpdater.java, old_lines=[87], new_lines=[87], category=ONE_TO_ONE)",6,5,5,175
"Diff(project=twilio/twilio-java, old_sha=6bde6b44afc05124ce958ff244a25174fc3c293b, new_sha=a91fc14b6885362e8241aeb212d3725535580552, old_path=src/main/java/com/twilio/rest/supersim/v1/IpCommandFetcher.java, new_path=src/main/java/com/twilio/rest/supersim/v1/IpCommandFetcher.java, old_lines=[42], new_lines=[42], category=ONE_TO_ONE)",5,5,4,175
"Diff(project=twilio/twilio-java, old_sha=6bde6b44afc05124ce958ff244a25174fc3c293b, new_sha=a91fc14b6885362e8241aeb212d3725535580552, old_path=src/main/java/com/twilio/rest/supersim/v1/NetworkAccessProfileFetcher.java, new_path=src/main/java/com/twilio/rest/supersim/v1/NetworkAccessProfileFetcher.java, old_lines=[42], new_lines=[42], category=ONE_TO_ONE)",5,5,4,175
"Diff(project=twilio/twilio-java, old_sha=6bde6b44afc05124ce958ff244a25174fc3c293b, new_sha=a91fc14b6885362e8241aeb212d3725535580552, old_path=src/main/java/com/twilio/rest/supersim/v1/NetworkAccessProfileUpdater.java, new_path=src/main/java/com/twilio/rest/supersim/v1/NetworkAccessProfileUpdater.java, old_lines=[47], new_lines=[47], category=ONE_TO_ONE)",5,5,5,175
"Diff(project=twilio/twilio-java, old_sha=6bde6b44afc05124ce958ff244a25174fc3c293b, new_sha=a91fc14b6885362e8241aeb212d3725535580552, old_path=src/main/java/com/twilio/rest/supersim/v1/NetworkFetcher.java, new_path=src/main/java/com/twilio/rest/supersim/v1/NetworkFetcher.java, old_lines=[42], new_lines=[42], category=ONE_TO_ONE)",5,5,4,175
"Diff(project=twilio/twilio-java, old_sha=6bde6b44afc05124ce958ff244a25174fc3c293b, new_sha=a91fc14b6885362e8241aeb212d3725535580552, old_path=src/main/java/com/twilio/rest/supersim/v1/SimFetcher.java, new_path=src/main/java/com/twilio/rest/supersim/v1/SimFetcher.java, old_lines=[42], new_lines=[42], category=ONE_TO_ONE)",5,5,4,175
"Diff(project=twilio/twilio-java, old_sha=6bde6b44afc05124ce958ff244a25174fc3c293b, new_sha=a91fc14b6885362e8241aeb212d3725535580552, old_path=src/main/java/com/twilio/rest/supersim/v1/SimUpdater.java, new_path=src/main/java/com/twilio/rest/supersim/v1/SimUpdater.java, old_lines=[78], new_lines=[78], category=ONE_TO_ONE)",6,5,5,175
"Diff(project=twilio/twilio-java, old_sha=6bde6b44afc05124ce958ff244a25174fc3c293b, new_sha=a91fc14b6885362e8241aeb212d3725535580552, old_path=src/main/java/com/twilio/rest/supersim/v1/SmsCommandFetcher.java, new_path=src/main/java/com/twilio/rest/supersim/v1/SmsCommandFetcher.java, old_lines=[42], new_lines=[42], category=ONE_TO_ONE)",5,5,4,175
"Diff(project=twilio/twilio-java, old_sha=6bde6b44afc05124ce958ff244a25174fc3c293b, new_sha=a91fc14b6885362e8241aeb212d3725535580552, old_path=src/main/java/com/twilio/rest/supersim/v1/networkaccessprofile/NetworkAccessProfileNetworkCreator.java, new_path=src/main/java/com/twilio/rest/supersim/v1/networkaccessprofile/NetworkAccessProfileNetworkCreator.java, old_lines=[48], new_lines=[48], category=ONE_TO_ONE)",5,2,2,175
"Diff(project=twilio/twilio-java, old_sha=6bde6b44afc05124ce958ff244a25174fc3c293b, new_sha=a91fc14b6885362e8241aeb212d3725535580552, old_path=src/main/java/com/twilio/rest/supersim/v1/networkaccessprofile/NetworkAccessProfileNetworkReader.java, new_path=src/main/java/com/twilio/rest/supersim/v1/networkaccessprofile/NetworkAccessProfileNetworkReader.java, old_lines=[51], new_lines=[51], category=ONE_TO_ONE)",7,2,2,175
"Diff(project=twilio/twilio-java, old_sha=6bde6b44afc05124ce958ff244a25174fc3c293b, new_sha=a91fc14b6885362e8241aeb212d3725535580552, old_path=src/main/java/com/twilio/rest/supersim/v1/sim/BillingPeriodReader.java, new_path=src/main/java/com/twilio/rest/supersim/v1/sim/BillingPeriodReader.java, old_lines=[51], new_lines=[51], category=ONE_TO_ONE)",7,1,1,175
"Diff(project=twilio/twilio-java, old_sha=6bde6b44afc05124ce958ff244a25174fc3c293b, new_sha=a91fc14b6885362e8241aeb212d3725535580552, old_path=src/main/java/com/twilio/rest/supersim/v1/sim/SimIpAddressReader.java, new_path=src/main/java/com/twilio/rest/supersim/v1/sim/SimIpAddressReader.java, old_lines=[51], new_lines=[51], category=ONE_TO_ONE)",7,1,1,175
"Diff(project=twilio/twilio-java, old_sha=6bde6b44afc05124ce958ff244a25174fc3c293b, new_sha=a91fc14b6885362e8241aeb212d3725535580552, old_path=src/main/java/com/twilio/rest/sync/v1/ServiceDeleter.java, new_path=src/main/java/com/twilio/rest/sync/v1/ServiceDeleter.java, old_lines=[41], new_lines=[41], category=ONE_TO_ONE)",5,5,4,175
"Diff(project=twilio/twilio-java, old_sha=6bde6b44afc05124ce958ff244a25174fc3c293b, new_sha=a91fc14b6885362e8241aeb212d3725535580552, old_path=src/main/java/com/twilio/rest/sync/v1/ServiceFetcher.java, new_path=src/main/java/com/twilio/rest/sync/v1/ServiceFetcher.java, old_lines=[42], new_lines=[42], category=ONE_TO_ONE)",5,5,4,175
"Diff(project=twilio/twilio-java, old_sha=6bde6b44afc05124ce958ff244a25174fc3c293b, new_sha=a91fc14b6885362e8241aeb212d3725535580552, old_path=src/main/java/com/twilio/rest/sync/v1/ServiceUpdater.java, new_path=src/main/java/com/twilio/rest/sync/v1/ServiceUpdater.java, old_lines=[83], new_lines=[83], category=ONE_TO_ONE)",6,5,5,175
"Diff(project=twilio/twilio-java, old_sha=6bde6b44afc05124ce958ff244a25174fc3c293b, new_sha=a91fc14b6885362e8241aeb212d3725535580552, old_path=src/main/java/com/twilio/rest/sync/v1/service/DocumentCreator.java, new_path=src/main/java/com/twilio/rest/sync/v1/service/DocumentCreator.java, old_lines=[61], new_lines=[61], category=ONE_TO_ONE)",5,5,5,175
"Diff(project=twilio/twilio-java, old_sha=6bde6b44afc05124ce958ff244a25174fc3c293b, new_sha=a91fc14b6885362e8241aeb212d3725535580552, old_path=src/main/java/com/twilio/rest/sync/v1/service/DocumentReader.java, new_path=src/main/java/com/twilio/rest/sync/v1/service/DocumentReader.java, old_lines=[51], new_lines=[51], category=ONE_TO_ONE)",7,1,1,175
"Diff(project=twilio/twilio-java, old_sha=6bde6b44afc05124ce958ff244a25174fc3c293b, new_sha=a91fc14b6885362e8241aeb212d3725535580552, old_path=src/main/java/com/twilio/rest/sync/v1/service/SyncListCreator.java, new_path=src/main/java/com/twilio/rest/sync/v1/service/SyncListCreator.java, old_lines=[57], new_lines=[57], category=ONE_TO_ONE)",5,5,5,175
"Diff(project=twilio/twilio-java, old_sha=6bde6b44afc05124ce958ff244a25174fc3c293b, new_sha=a91fc14b6885362e8241aeb212d3725535580552, old_path=src/main/java/com/twilio/rest/sync/v1/service/SyncListReader.java, new_path=src/main/java/com/twilio/rest/sync/v1/service/SyncListReader.java, old_lines=[51], new_lines=[51], category=ONE_TO_ONE)",7,1,1,175
"Diff(project=twilio/twilio-java, old_sha=6bde6b44afc05124ce958ff244a25174fc3c293b, new_sha=a91fc14b6885362e8241aeb212d3725535580552, old_path=src/main/java/com/twilio/rest/sync/v1/service/SyncMapCreator.java, new_path=src/main/java/com/twilio/rest/sync/v1/service/SyncMapCreator.java, old_lines=[57], new_lines=[57], category=ONE_TO_ONE)",5,5,5,175
"Diff(project=twilio/twilio-java, old_sha=6bde6b44afc05124ce958ff244a25174fc3c293b, new_sha=a91fc14b6885362e8241aeb212d3725535580552, old_path=src/main/java/com/twilio/rest/sync/v1/service/SyncMapReader.java, new_path=src/main/java/com/twilio/rest/sync/v1/service/SyncMapReader.java, old_lines=[51], new_lines=[51], category=ONE_TO_ONE)",7,1,1,175
"Diff(project=twilio/twilio-java, old_sha=6bde6b44afc05124ce958ff244a25174fc3c293b, new_sha=a91fc14b6885362e8241aeb212d3725535580552, old_path=src/main/java/com/twilio/rest/sync/v1/service/SyncStreamCreator.java, new_path=src/main/java/com/twilio/rest/sync/v1/service/SyncStreamCreator.java, old_lines=[52], new_lines=[52], category=ONE_TO_ONE)",5,5,5,175
"Diff(project=twilio/twilio-java, old_sha=6bde6b44afc05124ce958ff244a25174fc3c293b, new_sha=a91fc14b6885362e8241aeb212d3725535580552, old_path=src/main/java/com/twilio/rest/sync/v1/service/SyncStreamReader.java, new_path=src/main/java/com/twilio/rest/sync/v1/service/SyncStreamReader.java, old_lines=[51], new_lines=[51], category=ONE_TO_ONE)",7,1,1,175
"Diff(project=twilio/twilio-java, old_sha=6bde6b44afc05124ce958ff244a25174fc3c293b, new_sha=a91fc14b6885362e8241aeb212d3725535580552, old_path=src/main/java/com/twilio/rest/taskrouter/v1/WorkspaceDeleter.java, new_path=src/main/java/com/twilio/rest/taskrouter/v1/WorkspaceDeleter.java, old_lines=[41], new_lines=[41], category=ONE_TO_ONE)",5,5,4,175
"Diff(project=twilio/twilio-java, old_sha=6bde6b44afc05124ce958ff244a25174fc3c293b, new_sha=a91fc14b6885362e8241aeb212d3725535580552, old_path=src/main/java/com/twilio/rest/taskrouter/v1/WorkspaceFetcher.java, new_path=src/main/java/com/twilio/rest/taskrouter/v1/WorkspaceFetcher.java, old_lines=[42], new_lines=[42], category=ONE_TO_ONE)",5,5,4,175
"Diff(project=twilio/twilio-java, old_sha=6bde6b44afc05124ce958ff244a25174fc3c293b, new_sha=a91fc14b6885362e8241aeb212d3725535580552, old_path=src/main/java/com/twilio/rest/taskrouter/v1/WorkspaceUpdater.java, new_path=src/main/java/com/twilio/rest/taskrouter/v1/WorkspaceUpdater.java, old_lines=[83], new_lines=[83], category=ONE_TO_ONE)",6,5,5,175
"Diff(project=twilio/twilio-java, old_sha=6bde6b44afc05124ce958ff244a25174fc3c293b, new_sha=a91fc14b6885362e8241aeb212d3725535580552, old_path=src/main/java/com/twilio/rest/taskrouter/v1/workspace/ActivityCreator.java, new_path=src/main/java/com/twilio/rest/taskrouter/v1/workspace/ActivityCreator.java, old_lines=[53], new_lines=[53], category=ONE_TO_ONE)",5,2,2,175
"Diff(project=twilio/twilio-java, old_sha=6bde6b44afc05124ce958ff244a25174fc3c293b, new_sha=a91fc14b6885362e8241aeb212d3725535580552, old_path=src/main/java/com/twilio/rest/taskrouter/v1/workspace/ActivityReader.java, new_path=src/main/java/com/twilio/rest/taskrouter/v1/workspace/ActivityReader.java, old_lines=[61], new_lines=[61], category=ONE_TO_ONE)",7,1,1,175
"Diff(project=twilio/twilio-java, old_sha=6bde6b44afc05124ce958ff244a25174fc3c293b, new_sha=a91fc14b6885362e8241aeb212d3725535580552, old_path=src/main/java/com/twilio/rest/taskrouter/v1/workspace/EventReader.java, new_path=src/main/java/com/twilio/rest/taskrouter/v1/workspace/EventReader.java, old_lines=[107], new_lines=[107], category=ONE_TO_ONE)",7,1,1,175
"Diff(project=twilio/twilio-java, old_sha=6bde6b44afc05124ce958ff244a25174fc3c293b, new_sha=a91fc14b6885362e8241aeb212d3725535580552, old_path=src/main/java/com/twilio/rest/taskrouter/v1/workspace/TaskChannelCreator.java, new_path=src/main/java/com/twilio/rest/taskrouter/v1/workspace/TaskChannelCreator.java, old_lines=[59], new_lines=[59], category=ONE_TO_ONE)",5,2,1,175
"Diff(project=twilio/twilio-java, old_sha=6bde6b44afc05124ce958ff244a25174fc3c293b, new_sha=a91fc14b6885362e8241aeb212d3725535580552, old_path=src/main/java/com/twilio/rest/taskrouter/v1/workspace/TaskChannelReader.java, new_path=src/main/java/com/twilio/rest/taskrouter/v1/workspace/TaskChannelReader.java, old_lines=[51], new_lines=[51], category=ONE_TO_ONE)",7,1,1,175
"Diff(project=twilio/twilio-java, old_sha=6bde6b44afc05124ce958ff244a25174fc3c293b, new_sha=a91fc14b6885362e8241aeb212d3725535580552, old_path=src/main/java/com/twilio/rest/taskrouter/v1/workspace/TaskCreator.java, new_path=src/main/java/com/twilio/rest/taskrouter/v1/workspace/TaskCreator.java, old_lines=[67], new_lines=[67], category=ONE_TO_ONE)",6,3,3,175
"Diff(project=twilio/twilio-java, old_sha=6bde6b44afc05124ce958ff244a25174fc3c293b, new_sha=a91fc14b6885362e8241aeb212d3725535580552, old_path=src/main/java/com/twilio/rest/taskrouter/v1/workspace/TaskQueueCreator.java, new_path=src/main/java/com/twilio/rest/taskrouter/v1/workspace/TaskQueueCreator.java, old_lines=[73], new_lines=[73], category=ONE_TO_ONE)",5,2,2,175
"Diff(project=twilio/twilio-java, old_sha=6bde6b44afc05124ce958ff244a25174fc3c293b, new_sha=a91fc14b6885362e8241aeb212d3725535580552, old_path=src/main/java/com/twilio/rest/taskrouter/v1/workspace/TaskQueueReader.java, new_path=src/main/java/com/twilio/rest/taskrouter/v1/workspace/TaskQueueReader.java, old_lines=[66], new_lines=[66], category=ONE_TO_ONE)",8,1,1,175
"Diff(project=twilio/twilio-java, old_sha=6bde6b44afc05124ce958ff244a25174fc3c293b, new_sha=a91fc14b6885362e8241aeb212d3725535580552, old_path=src/main/java/com/twilio/rest/taskrouter/v1/workspace/TaskReader.java, new_path=src/main/java/com/twilio/rest/taskrouter/v1/workspace/TaskReader.java, old_lines=[101], new_lines=[101], category=ONE_TO_ONE)",9,1,1,175
"Diff(project=twilio/twilio-java, old_sha=6bde6b44afc05124ce958ff244a25174fc3c293b, new_sha=a91fc14b6885362e8241aeb212d3725535580552, old_path=src/main/java/com/twilio/rest/taskrouter/v1/workspace/WorkerCreator.java, new_path=src/main/java/com/twilio/rest/taskrouter/v1/workspace/WorkerCreator.java, old_lines=[58], new_lines=[58], category=ONE_TO_ONE)",5,2,2,175
"Diff(project=twilio/twilio-java, old_sha=6bde6b44afc05124ce958ff244a25174fc3c293b, new_sha=a91fc14b6885362e8241aeb212d3725535580552, old_path=src/main/java/com/twilio/rest/taskrouter/v1/workspace/WorkerReader.java, new_path=src/main/java/com/twilio/rest/taskrouter/v1/workspace/WorkerReader.java, old_lines=[86], new_lines=[86], category=ONE_TO_ONE)",8,1,1,175
"Diff(project=twilio/twilio-java, old_sha=6bde6b44afc05124ce958ff244a25174fc3c293b, new_sha=a91fc14b6885362e8241aeb212d3725535580552, old_path=src/main/java/com/twilio/rest/taskrouter/v1/workspace/WorkflowCreator.java, new_path=src/main/java/com/twilio/rest/taskrouter/v1/workspace/WorkflowCreator.java, old_lines=[80], new_lines=[80], category=ONE_TO_ONE)",6,2,2,175
"Diff(project=twilio/twilio-java, old_sha=6bde6b44afc05124ce958ff244a25174fc3c293b, new_sha=a91fc14b6885362e8241aeb212d3725535580552, old_path=src/main/java/com/twilio/rest/taskrouter/v1/workspace/WorkflowReader.java, new_path=src/main/java/com/twilio/rest/taskrouter/v1/workspace/WorkflowReader.java, old_lines=[56], new_lines=[56], category=ONE_TO_ONE)",7,1,1,175
"Diff(project=twilio/twilio-java, old_sha=6bde6b44afc05124ce958ff244a25174fc3c293b, new_sha=a91fc14b6885362e8241aeb212d3725535580552, old_path=src/main/java/com/twilio/rest/taskrouter/v1/workspace/WorkspaceCumulativeStatisticsFetcher.java, new_path=src/main/java/com/twilio/rest/taskrouter/v1/workspace/WorkspaceCumulativeStatisticsFetcher.java, old_lines=[68], new_lines=[68], category=ONE_TO_ONE)",5,5,4,175
"Diff(project=twilio/twilio-java, old_sha=6bde6b44afc05124ce958ff244a25174fc3c293b, new_sha=a91fc14b6885362e8241aeb212d3725535580552, old_path=src/main/java/com/twilio/rest/taskrouter/v1/workspace/WorkspaceRealTimeStatisticsFetcher.java, new_path=src/main/java/com/twilio/rest/taskrouter/v1/workspace/WorkspaceRealTimeStatisticsFetcher.java, old_lines=[47], new_lines=[47], category=ONE_TO_ONE)",5,5,4,175
"Diff(project=twilio/twilio-java, old_sha=6bde6b44afc05124ce958ff244a25174fc3c293b, new_sha=a91fc14b6885362e8241aeb212d3725535580552, old_path=src/main/java/com/twilio/rest/taskrouter/v1/workspace/WorkspaceStatisticsFetcher.java, new_path=src/main/java/com/twilio/rest/taskrouter/v1/workspace/WorkspaceStatisticsFetcher.java, old_lines=[68], new_lines=[68], category=ONE_TO_ONE)",5,5,4,175
"Diff(project=twilio/twilio-java, old_sha=6bde6b44afc05124ce958ff244a25174fc3c293b, new_sha=a91fc14b6885362e8241aeb212d3725535580552, old_path=src/main/java/com/twilio/rest/taskrouter/v1/workspace/taskqueue/TaskQueuesStatisticsReader.java, new_path=src/main/java/com/twilio/rest/taskrouter/v1/workspace/taskqueue/TaskQueuesStatisticsReader.java, old_lines=[82], new_lines=[82], category=ONE_TO_ONE)",7,1,1,175
"Diff(project=twilio/twilio-java, old_sha=6bde6b44afc05124ce958ff244a25174fc3c293b, new_sha=a91fc14b6885362e8241aeb212d3725535580552, old_path=src/main/java/com/twilio/rest/taskrouter/v1/workspace/worker/WorkersCumulativeStatisticsFetcher.java, new_path=src/main/java/com/twilio/rest/taskrouter/v1/workspace/worker/WorkersCumulativeStatisticsFetcher.java, old_lines=[63], new_lines=[63], category=ONE_TO_ONE)",5,5,4,175
"Diff(project=twilio/twilio-java, old_sha=6bde6b44afc05124ce958ff244a25174fc3c293b, new_sha=a91fc14b6885362e8241aeb212d3725535580552, old_path=src/main/java/com/twilio/rest/taskrouter/v1/workspace/worker/WorkersRealTimeStatisticsFetcher.java, new_path=src/main/java/com/twilio/rest/taskrouter/v1/workspace/worker/WorkersRealTimeStatisticsFetcher.java, old_lines=[47], new_lines=[47], category=ONE_TO_ONE)",5,5,4,175
"Diff(project=twilio/twilio-java, old_sha=6bde6b44afc05124ce958ff244a25174fc3c293b, new_sha=a91fc14b6885362e8241aeb212d3725535580552, old_path=src/main/java/com/twilio/rest/taskrouter/v1/workspace/worker/WorkersStatisticsFetcher.java, new_path=src/main/java/com/twilio/rest/taskrouter/v1/workspace/worker/WorkersStatisticsFetcher.java, old_lines=[78], new_lines=[78], category=ONE_TO_ONE)",5,5,4,175
"Diff(project=twilio/twilio-java, old_sha=6bde6b44afc05124ce958ff244a25174fc3c293b, new_sha=a91fc14b6885362e8241aeb212d3725535580552, old_path=src/main/java/com/twilio/rest/trunking/v1/TrunkDeleter.java, new_path=src/main/java/com/twilio/rest/trunking/v1/TrunkDeleter.java, old_lines=[41], new_lines=[41], category=ONE_TO_ONE)",5,5,4,175
"Diff(project=twilio/twilio-java, old_sha=6bde6b44afc05124ce958ff244a25174fc3c293b, new_sha=a91fc14b6885362e8241aeb212d3725535580552, old_path=src/main/java/com/twilio/rest/trunking/v1/TrunkFetcher.java, new_path=src/main/java/com/twilio/rest/trunking/v1/TrunkFetcher.java, old_lines=[42], new_lines=[42], category=ONE_TO_ONE)",5,5,4,175
"Diff(project=twilio/twilio-java, old_sha=6bde6b44afc05124ce958ff244a25174fc3c293b, new_sha=a91fc14b6885362e8241aeb212d3725535580552, old_path=src/main/java/com/twilio/rest/trunking/v1/TrunkUpdater.java, new_path=src/main/java/com/twilio/rest/trunking/v1/TrunkUpdater.java, old_lines=[88], new_lines=[88], category=ONE_TO_ONE)",6,5,5,175
"Diff(project=twilio/twilio-java, old_sha=6bde6b44afc05124ce958ff244a25174fc3c293b, new_sha=a91fc14b6885362e8241aeb212d3725535580552, old_path=src/main/java/com/twilio/rest/trusthub/v1/CustomerProfilesDeleter.java, new_path=src/main/java/com/twilio/rest/trusthub/v1/CustomerProfilesDeleter.java, old_lines=[41], new_lines=[41], category=ONE_TO_ONE)",5,5,4,175
"Diff(project=twilio/twilio-java, old_sha=6bde6b44afc05124ce958ff244a25174fc3c293b, new_sha=a91fc14b6885362e8241aeb212d3725535580552, old_path=src/main/java/com/twilio/rest/trusthub/v1/CustomerProfilesFetcher.java, new_path=src/main/java/com/twilio/rest/trusthub/v1/CustomerProfilesFetcher.java, old_lines=[42], new_lines=[42], category=ONE_TO_ONE)",5,5,4,175
"Diff(project=twilio/twilio-java, old_sha=6bde6b44afc05124ce958ff244a25174fc3c293b, new_sha=a91fc14b6885362e8241aeb212d3725535580552, old_path=src/main/java/com/twilio/rest/trusthub/v1/CustomerProfilesUpdater.java, new_path=src/main/java/com/twilio/rest/trusthub/v1/CustomerProfilesUpdater.java, old_lines=[68], new_lines=[68], category=ONE_TO_ONE)",6,5,5,175
"Diff(project=twilio/twilio-java, old_sha=6bde6b44afc05124ce958ff244a25174fc3c293b, new_sha=a91fc14b6885362e8241aeb212d3725535580552, old_path=src/main/java/com/twilio/rest/trusthub/v1/EndUserDeleter.java, new_path=src/main/java/com/twilio/rest/trusthub/v1/EndUserDeleter.java, old_lines=[41], new_lines=[41], category=ONE_TO_ONE)",5,5,4,175
"Diff(project=twilio/twilio-java, old_sha=6bde6b44afc05124ce958ff244a25174fc3c293b, new_sha=a91fc14b6885362e8241aeb212d3725535580552, old_path=src/main/java/com/twilio/rest/trusthub/v1/EndUserFetcher.java, new_path=src/main/java/com/twilio/rest/trusthub/v1/EndUserFetcher.java, old_lines=[42], new_lines=[42], category=ONE_TO_ONE)",5,5,4,175
"Diff(project=twilio/twilio-java, old_sha=6bde6b44afc05124ce958ff244a25174fc3c293b, new_sha=a91fc14b6885362e8241aeb212d3725535580552, old_path=src/main/java/com/twilio/rest/trusthub/v1/EndUserTypeFetcher.java, new_path=src/main/java/com/twilio/rest/trusthub/v1/EndUserTypeFetcher.java, old_lines=[42], new_lines=[42], category=ONE_TO_ONE)",5,5,4,175
"Diff(project=twilio/twilio-java, old_sha=6bde6b44afc05124ce958ff244a25174fc3c293b, new_sha=a91fc14b6885362e8241aeb212d3725535580552, old_path=src/main/java/com/twilio/rest/trusthub/v1/EndUserUpdater.java, new_path=src/main/java/com/twilio/rest/trusthub/v1/EndUserUpdater.java, old_lines=[54], new_lines=[54], category=ONE_TO_ONE)",5,5,5,175
"Diff(project=twilio/twilio-java, old_sha=6bde6b44afc05124ce958ff244a25174fc3c293b, new_sha=a91fc14b6885362e8241aeb212d3725535580552, old_path=src/main/java/com/twilio/rest/trusthub/v1/PoliciesFetcher.java, new_path=src/main/java/com/twilio/rest/trusthub/v1/PoliciesFetcher.java, old_lines=[42], new_lines=[42], category=ONE_TO_ONE)",5,5,4,175
"Diff(project=twilio/twilio-java, old_sha=6bde6b44afc05124ce958ff244a25174fc3c293b, new_sha=a91fc14b6885362e8241aeb212d3725535580552, old_path=src/main/java/com/twilio/rest/trusthub/v1/SupportingDocumentDeleter.java, new_path=src/main/java/com/twilio/rest/trusthub/v1/SupportingDocumentDeleter.java, old_lines=[41], new_lines=[41], category=ONE_TO_ONE)",5,5,4,175
"Diff(project=twilio/twilio-java, old_sha=6bde6b44afc05124ce958ff244a25174fc3c293b, new_sha=a91fc14b6885362e8241aeb212d3725535580552, old_path=src/main/java/com/twilio/rest/trusthub/v1/SupportingDocumentFetcher.java, new_path=src/main/java/com/twilio/rest/trusthub/v1/SupportingDocumentFetcher.java, old_lines=[42], new_lines=[42], category=ONE_TO_ONE)",5,5,4,175
"Diff(project=twilio/twilio-java, old_sha=6bde6b44afc05124ce958ff244a25174fc3c293b, new_sha=a91fc14b6885362e8241aeb212d3725535580552, old_path=src/main/java/com/twilio/rest/trusthub/v1/SupportingDocumentTypeFetcher.java, new_path=src/main/java/com/twilio/rest/trusthub/v1/SupportingDocumentTypeFetcher.java, old_lines=[42], new_lines=[42], category=ONE_TO_ONE)",5,5,4,175
"Diff(project=twilio/twilio-java, old_sha=6bde6b44afc05124ce958ff244a25174fc3c293b, new_sha=a91fc14b6885362e8241aeb212d3725535580552, old_path=src/main/java/com/twilio/rest/trusthub/v1/SupportingDocumentUpdater.java, new_path=src/main/java/com/twilio/rest/trusthub/v1/SupportingDocumentUpdater.java, old_lines=[54], new_lines=[54], category=ONE_TO_ONE)",5,5,5,175
"Diff(project=twilio/twilio-java, old_sha=6bde6b44afc05124ce958ff244a25174fc3c293b, new_sha=a91fc14b6885362e8241aeb212d3725535580552, old_path=src/main/java/com/twilio/rest/trusthub/v1/TrustProductsDeleter.java, new_path=src/main/java/com/twilio/rest/trusthub/v1/TrustProductsDeleter.java, old_lines=[41], new_lines=[41], category=ONE_TO_ONE)",5,5,4,175
"Diff(project=twilio/twilio-java, old_sha=6bde6b44afc05124ce958ff244a25174fc3c293b, new_sha=a91fc14b6885362e8241aeb212d3725535580552, old_path=src/main/java/com/twilio/rest/trusthub/v1/TrustProductsFetcher.java, new_path=src/main/java/com/twilio/rest/trusthub/v1/TrustProductsFetcher.java, old_lines=[42], new_lines=[42], category=ONE_TO_ONE)",5,5,4,175
"Diff(project=twilio/twilio-java, old_sha=6bde6b44afc05124ce958ff244a25174fc3c293b, new_sha=a91fc14b6885362e8241aeb212d3725535580552, old_path=src/main/java/com/twilio/rest/trusthub/v1/TrustProductsUpdater.java, new_path=src/main/java/com/twilio/rest/trusthub/v1/TrustProductsUpdater.java, old_lines=[68], new_lines=[68], category=ONE_TO_ONE)",6,5,5,175
"Diff(project=twilio/twilio-java, old_sha=6bde6b44afc05124ce958ff244a25174fc3c293b, new_sha=a91fc14b6885362e8241aeb212d3725535580552, old_path=src/main/java/com/twilio/rest/trusthub/v1/customerprofiles/CustomerProfilesChannelEndpointAssignmentCreator.java, new_path=src/main/java/com/twilio/rest/trusthub/v1/customerprofiles/CustomerProfilesChannelEndpointAssignmentCreator.java, old_lines=[54], new_lines=[54], category=ONE_TO_ONE)",5,1,1,175
"Diff(project=twilio/twilio-java, old_sha=6bde6b44afc05124ce958ff244a25174fc3c293b, new_sha=a91fc14b6885362e8241aeb212d3725535580552, old_path=src/main/java/com/twilio/rest/trusthub/v1/customerprofiles/CustomerProfilesChannelEndpointAssignmentReader.java, new_path=src/main/java/com/twilio/rest/trusthub/v1/customerprofiles/CustomerProfilesChannelEndpointAssignmentReader.java, old_lines=[61], new_lines=[61], category=ONE_TO_ONE)",7,2,1,175
"Diff(project=twilio/twilio-java, old_sha=6bde6b44afc05124ce958ff244a25174fc3c293b, new_sha=a91fc14b6885362e8241aeb212d3725535580552, old_path=src/main/java/com/twilio/rest/trusthub/v1/customerprofiles/CustomerProfilesEntityAssignmentsCreator.java, new_path=src/main/java/com/twilio/rest/trusthub/v1/customerprofiles/CustomerProfilesEntityAssignmentsCreator.java, old_lines=[48], new_lines=[48], category=ONE_TO_ONE)",5,2,2,175
"Diff(project=twilio/twilio-java, old_sha=6bde6b44afc05124ce958ff244a25174fc3c293b, new_sha=a91fc14b6885362e8241aeb212d3725535580552, old_path=src/main/java/com/twilio/rest/trusthub/v1/customerprofiles/CustomerProfilesEntityAssignmentsReader.java, new_path=src/main/java/com/twilio/rest/trusthub/v1/customerprofiles/CustomerProfilesEntityAssignmentsReader.java, old_lines=[51], new_lines=[51], category=ONE_TO_ONE)",8,2,1,175
"Diff(project=twilio/twilio-java, old_sha=6bde6b44afc05124ce958ff244a25174fc3c293b, new_sha=a91fc14b6885362e8241aeb212d3725535580552, old_path=src/main/java/com/twilio/rest/trusthub/v1/customerprofiles/CustomerProfilesEvaluationsCreator.java, new_path=src/main/java/com/twilio/rest/trusthub/v1/customerprofiles/CustomerProfilesEvaluationsCreator.java, old_lines=[48], new_lines=[48], category=ONE_TO_ONE)",5,2,2,175
"Diff(project=twilio/twilio-java, old_sha=6bde6b44afc05124ce958ff244a25174fc3c293b, new_sha=a91fc14b6885362e8241aeb212d3725535580552, old_path=src/main/java/com/twilio/rest/trusthub/v1/customerprofiles/CustomerProfilesEvaluationsReader.java, new_path=src/main/java/com/twilio/rest/trusthub/v1/customerprofiles/CustomerProfilesEvaluationsReader.java, old_lines=[51], new_lines=[51], category=ONE_TO_ONE)",7,2,2,175
"Diff(project=twilio/twilio-java, old_sha=6bde6b44afc05124ce958ff244a25174fc3c293b, new_sha=a91fc14b6885362e8241aeb212d3725535580552, old_path=src/main/java/com/twilio/rest/verify/v2/ServiceDeleter.java, new_path=src/main/java/com/twilio/rest/verify/v2/ServiceDeleter.java, old_lines=[41], new_lines=[41], category=ONE_TO_ONE)",5,5,4,175
"Diff(project=twilio/twilio-java, old_sha=6bde6b44afc05124ce958ff244a25174fc3c293b, new_sha=a91fc14b6885362e8241aeb212d3725535580552, old_path=src/main/java/com/twilio/rest/verify/v2/ServiceFetcher.java, new_path=src/main/java/com/twilio/rest/verify/v2/ServiceFetcher.java, old_lines=[42], new_lines=[42], category=ONE_TO_ONE)",5,5,4,175
"Diff(project=twilio/twilio-java, old_sha=6bde6b44afc05124ce958ff244a25174fc3c293b, new_sha=a91fc14b6885362e8241aeb212d3725535580552, old_path=src/main/java/com/twilio/rest/verify/v2/ServiceUpdater.java, new_path=src/main/java/com/twilio/rest/verify/v2/ServiceUpdater.java, old_lines=[127], new_lines=[127], category=ONE_TO_ONE)",8,6,5,175
"Diff(project=twilio/twilio-java, old_sha=6bde6b44afc05124ce958ff244a25174fc3c293b, new_sha=a91fc14b6885362e8241aeb212d3725535580552, old_path=src/main/java/com/twilio/rest/verify/v2/VerificationAttemptFetcher.java, new_path=src/main/java/com/twilio/rest/verify/v2/VerificationAttemptFetcher.java, old_lines=[42], new_lines=[42], category=ONE_TO_ONE)",5,5,4,175
"Diff(project=twilio/twilio-java, old_sha=6bde6b44afc05124ce958ff244a25174fc3c293b, new_sha=a91fc14b6885362e8241aeb212d3725535580552, old_path=src/main/java/com/twilio/rest/verify/v2/service/AccessTokenCreator.java, new_path=src/main/java/com/twilio/rest/verify/v2/service/AccessTokenCreator.java, old_lines=[64], new_lines=[64], category=ONE_TO_ONE)",5,2,2,175
"Diff(project=twilio/twilio-java, old_sha=6bde6b44afc05124ce958ff244a25174fc3c293b, new_sha=a91fc14b6885362e8241aeb212d3725535580552, old_path=src/main/java/com/twilio/rest/verify/v2/service/EntityCreator.java, new_path=src/main/java/com/twilio/rest/verify/v2/service/EntityCreator.java, old_lines=[48], new_lines=[48], category=ONE_TO_ONE)",5,5,5,175
"Diff(project=twilio/twilio-java, old_sha=6bde6b44afc05124ce958ff244a25174fc3c293b, new_sha=a91fc14b6885362e8241aeb212d3725535580552, old_path=src/main/java/com/twilio/rest/verify/v2/service/EntityReader.java, new_path=src/main/java/com/twilio/rest/verify/v2/service/EntityReader.java, old_lines=[51], new_lines=[51], category=ONE_TO_ONE)",7,1,1,175
"Diff(project=twilio/twilio-java, old_sha=6bde6b44afc05124ce958ff244a25174fc3c293b, new_sha=a91fc14b6885362e8241aeb212d3725535580552, old_path=src/main/java/com/twilio/rest/verify/v2/service/MessagingConfigurationCreator.java, new_path=src/main/java/com/twilio/rest/verify/v2/service/MessagingConfigurationCreator.java, old_lines=[54], new_lines=[54], category=ONE_TO_ONE)",5,2,1,175
"Diff(project=twilio/twilio-java, old_sha=6bde6b44afc05124ce958ff244a25174fc3c293b, new_sha=a91fc14b6885362e8241aeb212d3725535580552, old_path=src/main/java/com/twilio/rest/verify/v2/service/MessagingConfigurationReader.java, new_path=src/main/java/com/twilio/rest/verify/v2/service/MessagingConfigurationReader.java, old_lines=[51], new_lines=[51], category=ONE_TO_ONE)",7,2,1,175
"Diff(project=twilio/twilio-java, old_sha=6bde6b44afc05124ce958ff244a25174fc3c293b, new_sha=a91fc14b6885362e8241aeb212d3725535580552, old_path=src/main/java/com/twilio/rest/verify/v2/service/RateLimitCreator.java, new_path=src/main/java/com/twilio/rest/verify/v2/service/RateLimitCreator.java, old_lines=[53], new_lines=[53], category=ONE_TO_ONE)",5,2,2,175
"Diff(project=twilio/twilio-java, old_sha=6bde6b44afc05124ce958ff244a25174fc3c293b, new_sha=a91fc14b6885362e8241aeb212d3725535580552, old_path=src/main/java/com/twilio/rest/verify/v2/service/RateLimitReader.java, new_path=src/main/java/com/twilio/rest/verify/v2/service/RateLimitReader.java, old_lines=[51], new_lines=[51], category=ONE_TO_ONE)",7,1,1,175
"Diff(project=twilio/twilio-java, old_sha=6bde6b44afc05124ce958ff244a25174fc3c293b, new_sha=a91fc14b6885362e8241aeb212d3725535580552, old_path=src/main/java/com/twilio/rest/verify/v2/service/VerificationCheckCreator.java, new_path=src/main/java/com/twilio/rest/verify/v2/service/VerificationCheckCreator.java, old_lines=[67], new_lines=[67], category=ONE_TO_ONE)",6,5,5,175
"Diff(project=twilio/twilio-java, old_sha=6bde6b44afc05124ce958ff244a25174fc3c293b, new_sha=a91fc14b6885362e8241aeb212d3725535580552, old_path=src/main/java/com/twilio/rest/verify/v2/service/VerificationCreator.java, new_path=src/main/java/com/twilio/rest/verify/v2/service/VerificationCreator.java, old_lines=[118], new_lines=[118], category=ONE_TO_ONE)",8,2,2,175
"Diff(project=twilio/twilio-java, old_sha=6bde6b44afc05124ce958ff244a25174fc3c293b, new_sha=a91fc14b6885362e8241aeb212d3725535580552, old_path=src/main/java/com/twilio/rest/verify/v2/service/WebhookCreator.java, new_path=src/main/java/com/twilio/rest/verify/v2/service/WebhookCreator.java, old_lines=[76], new_lines=[76], category=ONE_TO_ONE)",6,2,2,175
"Diff(project=twilio/twilio-java, old_sha=6bde6b44afc05124ce958ff244a25174fc3c293b, new_sha=a91fc14b6885362e8241aeb212d3725535580552, old_path=src/main/java/com/twilio/rest/verify/v2/service/WebhookReader.java, new_path=src/main/java/com/twilio/rest/verify/v2/service/WebhookReader.java, old_lines=[51], new_lines=[51], category=ONE_TO_ONE)",7,1,1,175
"Diff(project=twilio/twilio-java, old_sha=6bde6b44afc05124ce958ff244a25174fc3c293b, new_sha=a91fc14b6885362e8241aeb212d3725535580552, old_path=src/main/java/com/twilio/rest/video/v1/CompositionDeleter.java, new_path=src/main/java/com/twilio/rest/video/v1/CompositionDeleter.java, old_lines=[41], new_lines=[41], category=ONE_TO_ONE)",5,5,4,175
"Diff(project=twilio/twilio-java, old_sha=6bde6b44afc05124ce958ff244a25174fc3c293b, new_sha=a91fc14b6885362e8241aeb212d3725535580552, old_path=src/main/java/com/twilio/rest/video/v1/CompositionFetcher.java, new_path=src/main/java/com/twilio/rest/video/v1/CompositionFetcher.java, old_lines=[42], new_lines=[42], category=ONE_TO_ONE)",5,5,4,175
"Diff(project=twilio/twilio-java, old_sha=6bde6b44afc05124ce958ff244a25174fc3c293b, new_sha=a91fc14b6885362e8241aeb212d3725535580552, old_path=src/main/java/com/twilio/rest/video/v1/CompositionHookDeleter.java, new_path=src/main/java/com/twilio/rest/video/v1/CompositionHookDeleter.java, old_lines=[41], new_lines=[41], category=ONE_TO_ONE)",5,5,4,175
"Diff(project=twilio/twilio-java, old_sha=6bde6b44afc05124ce958ff244a25174fc3c293b, new_sha=a91fc14b6885362e8241aeb212d3725535580552, old_path=src/main/java/com/twilio/rest/video/v1/CompositionHookFetcher.java, new_path=src/main/java/com/twilio/rest/video/v1/CompositionHookFetcher.java, old_lines=[42], new_lines=[42], category=ONE_TO_ONE)",5,5,4,175
"Diff(project=twilio/twilio-java, old_sha=6bde6b44afc05124ce958ff244a25174fc3c293b, new_sha=a91fc14b6885362e8241aeb212d3725535580552, old_path=src/main/java/com/twilio/rest/video/v1/CompositionHookUpdater.java, new_path=src/main/java/com/twilio/rest/video/v1/CompositionHookUpdater.java, old_lines=[108], new_lines=[108], category=ONE_TO_ONE)",6,2,2,175
"Diff(project=twilio/twilio-java, old_sha=6bde6b44afc05124ce958ff244a25174fc3c293b, new_sha=a91fc14b6885362e8241aeb212d3725535580552, old_path=src/main/java/com/twilio/rest/video/v1/RecordingDeleter.java, new_path=src/main/java/com/twilio/rest/video/v1/RecordingDeleter.java, old_lines=[41], new_lines=[41], category=ONE_TO_ONE)",5,5,4,175
"Diff(project=twilio/twilio-java, old_sha=6bde6b44afc05124ce958ff244a25174fc3c293b, new_sha=a91fc14b6885362e8241aeb212d3725535580552, old_path=src/main/java/com/twilio/rest/video/v1/RecordingFetcher.java, new_path=src/main/java/com/twilio/rest/video/v1/RecordingFetcher.java, old_lines=[42], new_lines=[42], category=ONE_TO_ONE)",5,5,4,175
"Diff(project=twilio/twilio-java, old_sha=6bde6b44afc05124ce958ff244a25174fc3c293b, new_sha=a91fc14b6885362e8241aeb212d3725535580552, old_path=src/main/java/com/twilio/rest/video/v1/RoomFetcher.java, new_path=src/main/java/com/twilio/rest/video/v1/RoomFetcher.java, old_lines=[42], new_lines=[42], category=ONE_TO_ONE)",5,5,4,175
"Diff(project=twilio/twilio-java, old_sha=6bde6b44afc05124ce958ff244a25174fc3c293b, new_sha=a91fc14b6885362e8241aeb212d3725535580552, old_path=src/main/java/com/twilio/rest/video/v1/RoomUpdater.java, new_path=src/main/java/com/twilio/rest/video/v1/RoomUpdater.java, old_lines=[48], new_lines=[48], category=ONE_TO_ONE)",5,5,5,175
"Diff(project=twilio/twilio-java, old_sha=6bde6b44afc05124ce958ff244a25174fc3c293b, new_sha=a91fc14b6885362e8241aeb212d3725535580552, old_path=src/main/java/com/twilio/rest/video/v1/room/ParticipantReader.java, new_path=src/main/java/com/twilio/rest/video/v1/room/ParticipantReader.java, old_lines=[72], new_lines=[72], category=ONE_TO_ONE)",7,1,1,175
"Diff(project=twilio/twilio-java, old_sha=6bde6b44afc05124ce958ff244a25174fc3c293b, new_sha=a91fc14b6885362e8241aeb212d3725535580552, old_path=src/main/java/com/twilio/rest/video/v1/room/RecordingRulesFetcher.java, new_path=src/main/java/com/twilio/rest/video/v1/room/RecordingRulesFetcher.java, old_lines=[42], new_lines=[42], category=ONE_TO_ONE)",5,5,4,175
"Diff(project=twilio/twilio-java, old_sha=6bde6b44afc05124ce958ff244a25174fc3c293b, new_sha=a91fc14b6885362e8241aeb212d3725535580552, old_path=src/main/java/com/twilio/rest/video/v1/room/RecordingRulesUpdater.java, new_path=src/main/java/com/twilio/rest/video/v1/room/RecordingRulesUpdater.java, old_lines=[49], new_lines=[49], category=ONE_TO_ONE)",5,5,5,175
"Diff(project=twilio/twilio-java, old_sha=6bde6b44afc05124ce958ff244a25174fc3c293b, new_sha=a91fc14b6885362e8241aeb212d3725535580552, old_path=src/main/java/com/twilio/rest/video/v1/room/RoomRecordingReader.java, new_path=src/main/java/com/twilio/rest/video/v1/room/RoomRecordingReader.java, old_lines=[72], new_lines=[72], category=ONE_TO_ONE)",7,1,1,175
"Diff(project=twilio/twilio-java, old_sha=6bde6b44afc05124ce958ff244a25174fc3c293b, new_sha=a91fc14b6885362e8241aeb212d3725535580552, old_path=src/main/java/com/twilio/rest/voice/v1/ByocTrunkDeleter.java, new_path=src/main/java/com/twilio/rest/voice/v1/ByocTrunkDeleter.java, old_lines=[41], new_lines=[41], category=ONE_TO_ONE)",5,5,4,175
"Diff(project=twilio/twilio-java, old_sha=6bde6b44afc05124ce958ff244a25174fc3c293b, new_sha=a91fc14b6885362e8241aeb212d3725535580552, old_path=src/main/java/com/twilio/rest/voice/v1/ByocTrunkFetcher.java, new_path=src/main/java/com/twilio/rest/voice/v1/ByocTrunkFetcher.java, old_lines=[42], new_lines=[42], category=ONE_TO_ONE)",5,5,4,175
"Diff(project=twilio/twilio-java, old_sha=6bde6b44afc05124ce958ff244a25174fc3c293b, new_sha=a91fc14b6885362e8241aeb212d3725535580552, old_path=src/main/java/com/twilio/rest/voice/v1/ByocTrunkUpdater.java, new_path=src/main/java/com/twilio/rest/voice/v1/ByocTrunkUpdater.java, old_lines=[106], new_lines=[106], category=ONE_TO_ONE)",6,5,5,175
"Diff(project=twilio/twilio-java, old_sha=6bde6b44afc05124ce958ff244a25174fc3c293b, new_sha=a91fc14b6885362e8241aeb212d3725535580552, old_path=src/main/java/com/twilio/rest/voice/v1/ConnectionPolicyDeleter.java, new_path=src/main/java/com/twilio/rest/voice/v1/ConnectionPolicyDeleter.java, old_lines=[41], new_lines=[41], category=ONE_TO_ONE)",5,5,4,175
"Diff(project=twilio/twilio-java, old_sha=6bde6b44afc05124ce958ff244a25174fc3c293b, new_sha=a91fc14b6885362e8241aeb212d3725535580552, old_path=src/main/java/com/twilio/rest/voice/v1/ConnectionPolicyFetcher.java, new_path=src/main/java/com/twilio/rest/voice/v1/ConnectionPolicyFetcher.java, old_lines=[42], new_lines=[42], category=ONE_TO_ONE)",5,5,4,175
"Diff(project=twilio/twilio-java, old_sha=6bde6b44afc05124ce958ff244a25174fc3c293b, new_sha=a91fc14b6885362e8241aeb212d3725535580552, old_path=src/main/java/com/twilio/rest/voice/v1/ConnectionPolicyUpdater.java, new_path=src/main/java/com/twilio/rest/voice/v1/ConnectionPolicyUpdater.java, old_lines=[47], new_lines=[47], category=ONE_TO_ONE)",5,5,5,175
"Diff(project=twilio/twilio-java, old_sha=6bde6b44afc05124ce958ff244a25174fc3c293b, new_sha=a91fc14b6885362e8241aeb212d3725535580552, old_path=src/main/java/com/twilio/rest/voice/v1/IpRecordDeleter.java, new_path=src/main/java/com/twilio/rest/voice/v1/IpRecordDeleter.java, old_lines=[41], new_lines=[41], category=ONE_TO_ONE)",5,5,4,175
"Diff(project=twilio/twilio-java, old_sha=6bde6b44afc05124ce958ff244a25174fc3c293b, new_sha=a91fc14b6885362e8241aeb212d3725535580552, old_path=src/main/java/com/twilio/rest/voice/v1/IpRecordFetcher.java, new_path=src/main/java/com/twilio/rest/voice/v1/IpRecordFetcher.java, old_lines=[42], new_lines=[42], category=ONE_TO_ONE)",5,5,4,175
"Diff(project=twilio/twilio-java, old_sha=6bde6b44afc05124ce958ff244a25174fc3c293b, new_sha=a91fc14b6885362e8241aeb212d3725535580552, old_path=src/main/java/com/twilio/rest/voice/v1/IpRecordUpdater.java, new_path=src/main/java/com/twilio/rest/voice/v1/IpRecordUpdater.java, old_lines=[47], new_lines=[47], category=ONE_TO_ONE)",5,5,5,175
"Diff(project=twilio/twilio-java, old_sha=6bde6b44afc05124ce958ff244a25174fc3c293b, new_sha=a91fc14b6885362e8241aeb212d3725535580552, old_path=src/main/java/com/twilio/rest/voice/v1/SourceIpMappingDeleter.java, new_path=src/main/java/com/twilio/rest/voice/v1/SourceIpMappingDeleter.java, old_lines=[41], new_lines=[41], category=ONE_TO_ONE)",5,5,4,175
"Diff(project=twilio/twilio-java, old_sha=6bde6b44afc05124ce958ff244a25174fc3c293b, new_sha=a91fc14b6885362e8241aeb212d3725535580552, old_path=src/main/java/com/twilio/rest/voice/v1/SourceIpMappingFetcher.java, new_path=src/main/java/com/twilio/rest/voice/v1/SourceIpMappingFetcher.java, old_lines=[42], new_lines=[42], category=ONE_TO_ONE)",5,5,4,175
"Diff(project=twilio/twilio-java, old_sha=6bde6b44afc05124ce958ff244a25174fc3c293b, new_sha=a91fc14b6885362e8241aeb212d3725535580552, old_path=src/main/java/com/twilio/rest/voice/v1/SourceIpMappingUpdater.java, new_path=src/main/java/com/twilio/rest/voice/v1/SourceIpMappingUpdater.java, old_lines=[48], new_lines=[48], category=ONE_TO_ONE)",5,1,1,175
"Diff(project=twilio/twilio-java, old_sha=6bde6b44afc05124ce958ff244a25174fc3c293b, new_sha=a91fc14b6885362e8241aeb212d3725535580552, old_path=src/main/java/com/twilio/rest/voice/v1/connectionpolicy/ConnectionPolicyTargetCreator.java, new_path=src/main/java/com/twilio/rest/voice/v1/connectionpolicy/ConnectionPolicyTargetCreator.java, old_lines=[75], new_lines=[75], category=ONE_TO_ONE)",6,2,2,175
"Diff(project=twilio/twilio-java, old_sha=6bde6b44afc05124ce958ff244a25174fc3c293b, new_sha=a91fc14b6885362e8241aeb212d3725535580552, old_path=src/main/java/com/twilio/rest/voice/v1/connectionpolicy/ConnectionPolicyTargetReader.java, new_path=src/main/java/com/twilio/rest/voice/v1/connectionpolicy/ConnectionPolicyTargetReader.java, old_lines=[51], new_lines=[51], category=ONE_TO_ONE)",7,2,1,175
"Diff(project=twilio/twilio-java, old_sha=6bde6b44afc05124ce958ff244a25174fc3c293b, new_sha=a91fc14b6885362e8241aeb212d3725535580552, old_path=src/main/java/com/twilio/rest/voice/v1/dialingpermissions/CountryFetcher.java, new_path=src/main/java/com/twilio/rest/voice/v1/dialingpermissions/CountryFetcher.java, old_lines=[42], new_lines=[42], category=ONE_TO_ONE)",5,5,4,175
"Diff(project=twilio/twilio-java, old_sha=6bde6b44afc05124ce958ff244a25174fc3c293b, new_sha=a91fc14b6885362e8241aeb212d3725535580552, old_path=src/main/java/com/twilio/rest/voice/v1/dialingpermissions/country/HighriskSpecialPrefixReader.java, new_path=src/main/java/com/twilio/rest/voice/v1/dialingpermissions/country/HighriskSpecialPrefixReader.java, old_lines=[51], new_lines=[51], category=ONE_TO_ONE)",7,2,1,175
"Diff(project=twilio/twilio-java, old_sha=6bde6b44afc05124ce958ff244a25174fc3c293b, new_sha=a91fc14b6885362e8241aeb212d3725535580552, old_path=src/main/java/com/twilio/rest/wireless/v1/CommandDeleter.java, new_path=src/main/java/com/twilio/rest/wireless/v1/CommandDeleter.java, old_lines=[41], new_lines=[41], category=ONE_TO_ONE)",5,5,4,175
"Diff(project=twilio/twilio-java, old_sha=6bde6b44afc05124ce958ff244a25174fc3c293b, new_sha=a91fc14b6885362e8241aeb212d3725535580552, old_path=src/main/java/com/twilio/rest/wireless/v1/CommandFetcher.java, new_path=src/main/java/com/twilio/rest/wireless/v1/CommandFetcher.java, old_lines=[42], new_lines=[42], category=ONE_TO_ONE)",5,5,4,175
"Diff(project=twilio/twilio-java, old_sha=6bde6b44afc05124ce958ff244a25174fc3c293b, new_sha=a91fc14b6885362e8241aeb212d3725535580552, old_path=src/main/java/com/twilio/rest/wireless/v1/RatePlanDeleter.java, new_path=src/main/java/com/twilio/rest/wireless/v1/RatePlanDeleter.java, old_lines=[41], new_lines=[41], category=ONE_TO_ONE)",5,5,4,175
"Diff(project=twilio/twilio-java, old_sha=6bde6b44afc05124ce958ff244a25174fc3c293b, new_sha=a91fc14b6885362e8241aeb212d3725535580552, old_path=src/main/java/com/twilio/rest/wireless/v1/RatePlanFetcher.java, new_path=src/main/java/com/twilio/rest/wireless/v1/RatePlanFetcher.java, old_lines=[42], new_lines=[42], category=ONE_TO_ONE)",5,5,4,175
"Diff(project=twilio/twilio-java, old_sha=6bde6b44afc05124ce958ff244a25174fc3c293b, new_sha=a91fc14b6885362e8241aeb212d3725535580552, old_path=src/main/java/com/twilio/rest/wireless/v1/RatePlanUpdater.java, new_path=src/main/java/com/twilio/rest/wireless/v1/RatePlanUpdater.java, old_lines=[52], new_lines=[52], category=ONE_TO_ONE)",5,5,5,175
"Diff(project=twilio/twilio-java, old_sha=6bde6b44afc05124ce958ff244a25174fc3c293b, new_sha=a91fc14b6885362e8241aeb212d3725535580552, old_path=src/main/java/com/twilio/rest/wireless/v1/SimDeleter.java, new_path=src/main/java/com/twilio/rest/wireless/v1/SimDeleter.java, old_lines=[41], new_lines=[41], category=ONE_TO_ONE)",5,5,4,175
"Diff(project=twilio/twilio-java, old_sha=6bde6b44afc05124ce958ff244a25174fc3c293b, new_sha=a91fc14b6885362e8241aeb212d3725535580552, old_path=src/main/java/com/twilio/rest/wireless/v1/SimFetcher.java, new_path=src/main/java/com/twilio/rest/wireless/v1/SimFetcher.java, old_lines=[42], new_lines=[42], category=ONE_TO_ONE)",5,5,4,175
"Diff(project=twilio/twilio-java, old_sha=6bde6b44afc05124ce958ff244a25174fc3c293b, new_sha=a91fc14b6885362e8241aeb212d3725535580552, old_path=src/main/java/com/twilio/rest/wireless/v1/SimUpdater.java, new_path=src/main/java/com/twilio/rest/wireless/v1/SimUpdater.java, old_lines=[158], new_lines=[158], category=ONE_TO_ONE)",6,5,5,175
"Diff(project=twilio/twilio-java, old_sha=6bde6b44afc05124ce958ff244a25174fc3c293b, new_sha=a91fc14b6885362e8241aeb212d3725535580552, old_path=src/main/java/com/twilio/rest/wireless/v1/sim/DataSessionReader.java, new_path=src/main/java/com/twilio/rest/wireless/v1/sim/DataSessionReader.java, old_lines=[51], new_lines=[51], category=ONE_TO_ONE)",7,1,1,175
"Diff(project=twilio/twilio-java, old_sha=6bde6b44afc05124ce958ff244a25174fc3c293b, new_sha=a91fc14b6885362e8241aeb212d3725535580552, old_path=src/main/java/com/twilio/rest/wireless/v1/sim/UsageRecordReader.java, new_path=src/main/java/com/twilio/rest/wireless/v1/sim/UsageRecordReader.java, old_lines=[67], new_lines=[67], category=ONE_TO_ONE)",7,1,1,175
"Diff(project=AgNO3/jcifs-ng, old_sha=939f881e9333108774f3d8f9e933805b84414372, new_sha=1f96621d195ead5b5baf07d26eb14f3397852744, old_path=src/main/java/jcifs/smb/SmbFile.java, new_path=src/main/java/jcifs/smb/SmbFile.java, old_lines=[674], new_lines=[696], category=ONE_TO_ONE)",4,3,3,9
"Diff(project=AgNO3/jcifs-ng, old_sha=b4353a9a3dcc62f4e25f3c3eb2cbd0bfedffd93a, new_sha=9a480719928a957f7e283c01437307cdbec582f0, old_path=src/main/java/jcifs/smb/SmbTransport.java, new_path=src/main/java/jcifs/smb/SmbTransport.java, old_lines=[931], new_lines=[972], category=ONE_TO_ONE)",6,2,2,296
"Diff(project=xebia/Xebium, old_sha=9928e67cde0543c6336d123f1e17c8888d67208e, new_sha=de615f90029d13c45b2573319bb9552360c52e0a, old_path=src/main/java/com/xebia/incubator/xebium/ScreenCapture.java, new_path=src/main/java/com/xebia/incubator/xebium/ScreenCapture.java, old_lines=[114], new_lines=[110], category=ONE_TO_ONE)",9,2,2,58
"Diff(project=perwendel/spark, old_sha=580fa379a6e4d01922e37c69369d6488d9e0c4c1, new_sha=a249882d50c124dd1d7e45d2226d6205fa93fa89, old_path=src/main/java/spark/webserver/MatcherFilter.java, new_path=src/main/java/spark/webserver/MatcherFilter.java, old_lines=[211], new_lines=[217], category=ONE_TO_ONE)",16,8,5,64
"Diff(project=jMotif/GI, old_sha=df082b4eb693fc9baa71b3e01e28cf3d1d06a773, new_sha=1bbbd3e18b9d4a959e388840b550f49e85f416a7, old_path=src/main/java/net/seninp/gi/sequitur/SAXNonTerminal.java, new_path=src/main/java/net/seninp/gi/sequitur/SAXNonTerminal.java, old_lines=[40], new_lines=[40], category=ONE_TO_ONE)",1,0,0,130
"Diff(project=thrau/jarchivelib, old_sha=76bcb3d46adc5b223817273bda7a82a6dd979a1a, new_sha=93b2dbbc9c7815d930db872374ab93cbceac436e, old_path=src/main/java/org/rauschig/jarchivelib/FileModeMapper.java, new_path=src/main/java/org/rauschig/jarchivelib/FileModeMapper.java, old_lines=[104], new_lines=[102], category=ONE_TO_ONE)",2,2,2,14
"Diff(project=instacount/appengine-counter, old_sha=a3bfb71a1f587f178d1883cf655f09a5a93a1072, new_sha=f436bf56ee8c28c129e6c0424cab1c8913a89de9, old_path=src/main/java/com/theupswell/appengine/counter/service/ShardedCounterServiceImpl.java, new_path=src/main/java/com/theupswell/appengine/counter/service/ShardedCounterServiceImpl.java, old_lines=[1428], new_lines=[1420], category=ONE_TO_ONE)",0,0,0,1
"Diff(project=mitre/HTTP-Proxy-Servlet, old_sha=a69a17c1633b8f967fb61c32835235f9d54e2857, new_sha=bfcd7d11125fc9d0e0d34faa4f1dd9bf6d8072ed, old_path=src/main/java/org/mitre/dsmiley/httpproxy/ProxyServlet.java, new_path=src/main/java/org/mitre/dsmiley/httpproxy/ProxyServlet.java, old_lines=[476], new_lines=[480], category=ONE_TO_ONE)",35,4,4,41
"Diff(project=victims/victims-lib-java, old_sha=d6c7fb5d8e3150af938da8737bdb5b382f87fe30, new_sha=e8e56e85524ff58da0350b9b9044fa64e373f941, old_path=src/main/java/com/redhat/victims/database/VictimsH2DB.java, new_path=src/main/java/com/redhat/victims/database/VictimsH2DB.java, old_lines=[60], new_lines=[60], category=ONE_TO_ONE)",3,1,1,39
"Diff(project=square/javapoet, old_sha=53cfc840f2b860e88e8b0aecd7026901ee76399e, new_sha=3829f2ca6f03a4b941fea41a1e2f4eead8f37bc1, old_path=src/main/java/com/squareup/javapoet/ClassName.java, new_path=src/main/java/com/squareup/javapoet/ClassName.java, old_lines=[166], new_lines=[179], category=ONE_TO_ONE)",3,2,2,11
"Diff(project=square/javapoet, old_sha=53cfc840f2b860e88e8b0aecd7026901ee76399e, new_sha=3829f2ca6f03a4b941fea41a1e2f4eead8f37bc1, old_path=src/main/java/com/squareup/javapoet/ClassName.java, new_path=src/main/java/com/squareup/javapoet/ClassName.java, old_lines=[188], new_lines=[201], category=ONE_TO_ONE)",2,1,1,10
"Diff(project=atorstling/bychan, old_sha=8e5ad3f6977e9742e4ff4ead1494504f1c4ac976, new_sha=e9b02884a47cfca8cf6a9261ea07bb93fd6c61ab, old_path=src/main/java/org/bychan/core/basic/Repl.java, new_path=src/main/java/org/bychan/core/basic/Repl.java, old_lines=[66], new_lines=[67], category=ONE_TO_ONE)",12,4,3,86
"Diff(project=librato/librato-java, old_sha=3a111dcce10b1dd0c114656893095d6b2ab5039c, new_sha=a2e1b7057b208ac51973880867eeaf7512d058ac, old_path=src/main/java/com/librato/metrics/LibratoBatch.java, new_path=src/main/java/com/librato/metrics/LibratoBatch.java, old_lines=[73], new_lines=[52], category=ONE_TO_ONE)",6,1,1,13
"Diff(project=logic-ng/LogicNG, old_sha=e1cb0238f4d9e7b9ba6f0f6dcedfe7a9c9704526, new_sha=8d7dfec23c00481a87d5222e62abe410a75206f7, old_path=src/main/java/org/logicng/knowledgecompilation/bdds/jbuddy/BDDOperations.java, new_path=src/main/java/org/logicng/knowledgecompilation/bdds/jbuddy/BDDOperations.java, old_lines=[360], new_lines=[362], category=ONE_TO_ONE)",2,1,1,74
"Diff(project=mike706574/java-map-support, old_sha=748d20ad52343d2acf7c51572be3c7c0935f2a90, new_sha=cb95f7717cc7afd42cc9f3f22bd84de949084c7b, old_path=src/main/java/fun/mike/map/alpha/Get.java, new_path=src/main/java/fun/mike/map/alpha/Get.java, old_lines=[116], new_lines=[116], category=ONE_TO_ONE)",6,6,2,18
"Diff(project=mike706574/java-map-support, old_sha=748d20ad52343d2acf7c51572be3c7c0935f2a90, new_sha=cb95f7717cc7afd42cc9f3f22bd84de949084c7b, old_path=src/main/java/fun/mike/map/alpha/Get.java, new_path=src/main/java/fun/mike/map/alpha/Get.java, old_lines=[136], new_lines=[150], category=ONE_TO_ONE)",4,4,1,9
"Diff(project=lettuce-io/lettuce-core, old_sha=3343e32ff1b584ce816613c97d73eb345255e0d8, new_sha=612679adcd2189c3242a9f8400ed4e1d0a5bbba6, old_path=src/main/java/com/lambdaworks/codec/CRC16.java, new_path=src/main/java/com/lambdaworks/codec/CRC16.java, old_lines=[55], new_lines=[55], category=ONE_TO_ONE)",6,2,1,495
"Diff(project=ManfredTremmel/gwt-commons-lang3, old_sha=acff6d532af5f7e81b3bdaf9738646fdc29de9a9, new_sha=bbca91c57774f81945c8a0df2d6ef06f0965a395, old_path=src/main/java/org/apache/commons/lang3/Validate.java, new_path=src/main/java/org/apache/commons/lang3/Validate.java, old_lines=[859], new_lines=[859], category=ONE_TO_ONE)",0,0,0,1
"Diff(project=ManfredTremmel/gwt-commons-lang3, old_sha=acff6d532af5f7e81b3bdaf9738646fdc29de9a9, new_sha=bbca91c57774f81945c8a0df2d6ef06f0965a395, old_path=src/main/java/org/apache/commons/lang3/Validate.java, new_path=src/main/java/org/apache/commons/lang3/Validate.java, old_lines=[883], new_lines=[883], category=ONE_TO_ONE)",0,0,0,1
"Diff(project=damnhandy/Handy-URI-Templates, old_sha=62cac50aeb17eb672c52c4297a2ae435f753fd1d, new_sha=118185b6fcde854de98bf97483a78168f0985185, old_path=src/main/java/com/damnhandy/uri/template/impl/RFC6570UriTemplate.java, new_path=src/main/java/com/damnhandy/uri/template/impl/RFC6570UriTemplate.java, old_lines=[438], new_lines=[475], category=ONE_TO_ONE)",5,2,2,26
"Diff(project=EasyPost/easypost-java, old_sha=31ce5c92c583e73d3d4012390ad25d858cde5301, new_sha=6599fe0f936fd24caf1219e83a8bc3e64a4556a4, old_path=src/main/java/com/easypost/model/User.java, new_path=src/main/java/com/easypost/model/User.java, old_lines=[356], new_lines=[184], category=ONE_TO_ONE)",3,2,2,42
"Diff(project=EasyPost/easypost-java, old_sha=de759f2bad6f8f608591aa15a42bd0fd17ad7215, new_sha=85311ca8c2f3d9a9511dd3138158b1f117315853, old_path=src/main/java/com/easypost/model/Order.java, new_path=src/main/java/com/easypost/model/Order.java, old_lines=[460], new_lines=[422], category=ONE_TO_ONE)",0,0,0,2
"Diff(project=EasyPost/easypost-java, old_sha=de759f2bad6f8f608591aa15a42bd0fd17ad7215, new_sha=85311ca8c2f3d9a9511dd3138158b1f117315853, old_path=src/main/java/com/easypost/model/Shipment.java, new_path=src/main/java/com/easypost/model/Shipment.java, old_lines=[1058], new_lines=[1037], category=ONE_TO_ONE)",1,0,0,2
"Diff(project=EasyPost/easypost-java, old_sha=de759f2bad6f8f608591aa15a42bd0fd17ad7215, new_sha=85311ca8c2f3d9a9511dd3138158b1f117315853, old_path=src/main/java/com/easypost/model/Shipment.java, new_path=src/main/java/com/easypost/model/Shipment.java, old_lines=[1131], new_lines=[1109], category=ONE_TO_ONE)",1,0,0,2
"Diff(project=EasyPost/easypost-java, old_sha=de759f2bad6f8f608591aa15a42bd0fd17ad7215, new_sha=85311ca8c2f3d9a9511dd3138158b1f117315853, old_path=src/main/java/com/easypost/model/Shipment.java, new_path=src/main/java/com/easypost/model/Shipment.java, old_lines=[1389], new_lines=[1366], category=ONE_TO_ONE)",1,0,0,2
"Diff(project=SUSE/salt-netapi-client, old_sha=4423e17d4150065ae93ecb8d3384cc85ae37a877, new_sha=2067c23ff7594291fbd4977f632e3dcf5ff7f286, old_path=src/main/java/com/suse/saltstack/netapi/parser/JsonParser.java, new_path=src/main/java/com/suse/saltstack/netapi/parser/JsonParser.java, old_lines=[268], new_lines=[267], category=ONE_TO_ONE)",7,1,1,104
"Diff(project=gresrun/jesque, old_sha=544982f5716a35dfc0b28b287b0900d28a9a665f, new_sha=0ea5a7084cef0ad0a1d45c8548b49f9289ca8727, old_path=src/main/java/net/greghaines/jesque/utils/VersionUtils.java, new_path=src/main/java/net/greghaines/jesque/utils/VersionUtils.java, old_lines=[77], new_lines=[80], category=ONE_TO_ONE)",4,3,1,106
"Diff(project=arangodb/java-velocypack, old_sha=2c7131bdf254e69acacc275eb0e9795611a553a4, new_sha=90f202775b67889cf2fcea3152e462f48b2be6b8, old_path=src/main/java/com/arangodb/velocypack/internal/util/NumberUtil.java, new_path=src/main/java/com/arangodb/velocypack/internal/util/NumberUtil.java, old_lines=[44], new_lines=[55], category=ONE_TO_ONE)",0,0,0,43
